formula_pretty,FM/AFM,,
IrF2,,,
Ba2Sb,,,
TlS,,,
MoCl2,,,6352
IrO2,,,86
RuI2,,,
TcTe2,,,
TcSe2,,,
AuBr,,,
SiBr4,,,
SrO2,,,
TaCl4,,,
SnCl4,,,
Ti3Se2,,,
MoF2,,,
IrS2,,,
HfBr2,,,
AuSe,,,
HfCl2,,,
Al2S5,,,
TaI3,,,
Li2O,,,
TlSb,,,
CdBr2,,,
VBr4,FM,,
AlSb3,,,
Al4O3,,,
Mo3S4,,,
SBr,,,
Sb2C,,,
AlF3,,,
MoBr3,,,
B2O3,,,
GaSb3,,,
AlI,,,
SiI4,,,
SiCl4,,,
Nd2Se5,,,
AlF,,,
YSi3,,,
MoBr2,,,
Ba2As,,,
BeF2,,,
GaAs,,,
TiI2,,,
Mg2Sb,,,
HfPb2,,,
BBr,,,
RuC2,,,
HfCl,,,
P2Pt,,,
BBr3,,,
TiPb2,,,
Al2O3,,,
HfF2,,,
YbF2,,,
AlTe,,,
NdC2,,,
TlS,,,
NiSb2,,,
GeSe,,,
AgCl,,,
TmCl2,,,
NbBr2,,,
AgF,,,
GeBr2,,,
NdSe3,,,
SiBr2,,,
InBr,,,
AgTe,,,
PdS2,,,
TeAu,,,
NiP2,,,
PtCl2,,,
BN3,,,
TiS5,,,
BI,,,
RhPb4,,,
NCl4,,,
Ca2P,,,
BAs,,,
Tl2Ru,,,
SiN,,,
GdCl3,,,
RhI3,,,
GaTe,,,
TiZn,,,
PO2,,,
AgS,,,
BeCl2,,,
ZrBr3,,,
PO2,,,
RhI2,,,
TeC,,,
Sc2Pb,,,
Cu2S,,,
YbBr2,,,
SmSe3,,,
TiSe5,,,
US3,,,
TlAs,,,
PBr4,,,
AlCl,,,
Ge2Ru,,,
TcI3,,,
ThBr4,,,
N2O3,,,
PdF2,,,
Te2Pb,,,
InF3,,,
Be5Co,,,
Sc2F3,,,
TaCl2,,,
SnBi,,,
InI,,,
SiSe,,,
In2O,,,
Sr5Co,,,
YPb3,,,
TlF3,,,
TaBr2,,,
Sn3H,,,
GeH,,,
TbBr3,,,
SiCl2,,,
SiCl3,,,
Ca5La,,,
SeBr,,,
CN2,,,
MoF3,,,
AlTe,,,
RuS,,,
NbTe,,,
NiSb2,,,
GeO,,,
Bi2Te3,,,
CdF2,,,
MoSe2,,,
Ga4Te3,,,
MgPb2,,,
Ca5Y,,,
Mg2P,,,
AlI3,,,
InTe,,,
ZrSe5,,,
UBr3,,,
SiTe,,,
PdF2,,,
PbSe,,,
TcBr3,,,
ScBr3,,,
ZrI3,,,
NpF3,,,
CBr2,,,
NO2,,,
SnSe,,,
CaAu,,,
SnSb,,,
TlCl3,,,
P2S3,,,
BePb2,,,
MnSe2,,,
ZnBr2,,,
NbF3,,,
Br3N,,,
InCl,,,
WCl4,,,
B4Te3,,,
Sb4Br,,,
Sr2Ir,,,
TiHg,,,
HfBr3,,,
AgS,,,
Te3P2,,,
Tl4Te3,,,
ZrBr2,,,
CrF3,,,
BAs5,,,
ThCl2,,,
FeI3,,,
Sb2S3,,,
ReBr2,,,
ZnBr2,,,
Cu2Te,,,
NiP2,,,
PrSe3,,,
ScBr3,,,
WSe2,,,
La2F3,,,
As3C,,,
AgTe,,,
SeCl,,,
AlI,,,
OsI3,,,
PdS,,,
GeSe2,,,
CI3,,,
TiSe3,,,
AlBr,,,
AgSe2,,,
RhSe2,,,
VCl4,,,
C3I8,,,
ScCl2,,,
Sc2Si,,,
B2Te,,,
Sb2Te3,,,
InSe,,,
PdSe,,,
CrI3,FM,,
PuCl3,,,
B2Ru,,,
RuCl2,,,
AlS,,,
CdCl2,,,
RhBr2,,,
SbPb,,,
Ti3S2,,,
LaBr3,,,
Be2Bi,,,
BiCl3,,,
TbI,,,
AlSe,,,
TaI2,,,
Sb4F,,,
CoBr3,,,
PBr3,,,
IrF3,,,
V2S3,,,
Tl2Se5,,,
VSe3,,,
I3N,,,
Sb2Se3,,,
TmBr2,,,
TcI2,,,
CCl4,,,
SiSb,,,
AgTe,,,
AuI,,,
Tl2Os,,,
CuF,,,
BiF3,,,
Si3Br8,,,
MgGe2,,,
PtBr2,,,
Ba5Co,,,
AsCl3,,,
Tb2Ge,,,
HfSn2,,,
CaF2,,,
Te3N2,,,
ReO2,,,
Te3P2,,,
CeS3,,,
NbS2,,,
I3N,,,
TaSe2,,,
SnP,,,
OsI2,,,
BiCl3,,,
Y5Br8,,,
CaBr2,,,
CuCl,,,
AgF,,,
Sb2O3,,,
USe3,,,
Se3N2,,,
Nb2Se3,,,
SnAs2,,,
HfCl2,,,
TaTe3,,,
P2Se3,,,
SiP,,,
Sn2O3,,,
PtI2,,,
SiS,,,
SnS,,,
TePd,,,
AgSe,,,
OsF2,,,
HPb,,,
Sb2Pd,,,
WI2,,,
Tb2Si,,,
HgBr2,,,
AlS,,,
CaCl2,,,
GaCl,,,
Sc2Br5,,,
PBr3,,,
CrCl4,FM,,
Si4Rh,,,
As2Pb,,,
ZrF2,,,
BSe,,,
BN5,,,
Tb5I8,,,
NiBr2,FM,,
NiSe,FM,,
IrI3,,,
La2Si,,,
ReS,,,
Tc2Cl5,,,
PPb,,,
As2O5,,,
SiSe2,,,
SnBr2,,,
OsSe,,,
AgF,,,
Ta2Te3,,,
Si2O3,,,
HfAg,,,
GeN2,,,
YbCl2,,,
B2Te,,,
SeF,,,
ReTe2,,,
NdF3,,,
In2Ru,,,
Ga2O3,,,
Ge3Cl8,,,
SrF2,,,
InBr,,,
SbC,,,
BBr,,,
SnAs,,,
HfBr2,,,
SiSb2,,,
PbN,,,
Sb9F2,,,
BI3,,,
SbO2,,,
HfCl2,,,
IrSe2,,,
Ga2Se5,,,
SbCl4,,,
InS,,,
CrO3,,,
BCl3,,,
YBr2,,,
SiO,,,
SiS2,,,
GaCl,,,
TlTe,,,
Y2Cl5,,,
SrBr2,,,
HfF3,,,
SeBr,,,
ZrF3,,,
TiCl2,,,
YBr3,,,
TlP,,,
Al2Te,,,
GeBr4,,,
HgF2,,,
GaI3,,,
EuP2,,,
AuF,,,
In2Se5,,,
NbS2,,,
Br3N,,,
WI3,,,
PrS3,,,
S3N2,,,
PCl4,,,
HfS5,,,
Si3Cl8,,,
WCl2,,,
SiS,,,
BTe,,,
BaCl2,,,
CBr4,,,
SnN3,,,
NbI2,,,
PBr3,,,
TiF2,,,
B4S3,,,
YCl2,,,
BeGe2,,,
PdSe2,,,
P2O3,,,
US5,,,
Te5As2,,,
Al2Se5,,,
SrAu,,,
MnBr3,,,
SnTe,,,
As4Cl,,,
Sb2S3,,,
Bi2Se5,,,
As2C,,,
MoCl4,,,
PF3,,,
PtCl2,,,
WI2,,,
ZrF3,,,
MoS3,,,
S3N2,,,
Tb5Cl8,,,
SiO,,,
In2Fe,,,
AsF3,,,
TePb,,,
ZnF2,,,
In2Os,,,
P2Se3,,,
VCl5,,,
BiC,,,
As9Cl2,,,
GaI,,,
C3Cl8,,,
P2Se3,,,
GaSb,,,
NO2,,,
YF3,,,
Ga2Os,,,
NiSe2,,,
Sb2Te3,,,
VCl5,,,
ReCl2,,,
TaS2,,,
GeSb,,,
Bi2Se3,,,
Y7Br10,,,
Y2Ge,,,
InSe,,,
AgBr,,,
Br4N,,,
LaCl3,,,
GeSb,,,
TmBe5,,,
PO2,,,
BeBr2,,,
SF,,,
AsCl3,,,
Br3N,,,
TbF3,,,
VSe3,,,
Sb2O3,,,
Nb2S3,,,
TlS,,,
PdS,,,
SmS3,,,
NCl3,,,
RhPb3,,,
As2Pt,,,
SiBi2,,,
AlBr,,,
NdCl3,,,
S4O9,,,
Bi2S3,,,
P2Se5,,,
NiF2,,,
PbSe,,,
TcF2,,,
IrBr2,,,
HfSe5,,,
In2S5,,,
TlSe,,,
Cl2O5,,,
GaAs3,,,
ScI2,,,
TiCl2,,,
Ta2S3,,,
SrBr2,,,
BSe,,,
W3S4,,,
CN,,,
AgS2,,,
MoI2,,,
PdBr2,,,
VTe3,FM,,
Tl2Se5,,,
Mg5Rh,,,
SbF3,,,
CoGe4,,,
SnO,,,
TcBr2,,,
V2S3,,,
ZnCl2,,,
OsCl2,,,
P2S3,,,
ZrTe2,,,
CSe,,,
V2Se3,,,
SrCl2,,,
NbSe2,,,
TiSi2,,,
CdF2,,,
PI3,,,
Ga4O3,,,
GeCl2,,,
CdI2,,,
GaCl3,,,
CSe2,,,
AsPb,,,
TiF2,,,
AgCl,,,
As2S3,,,
MnTe2,,,
Y5I8,,,
Sb9Br2,,,
IrI2,,,
AuCl,,,
Zr3S2,,,
TcSe2,,,
ZrHg,,,
InS,,,
TiF,,,
DyF3,,,
GeI4,,,
WF3,,,
GeF2,,,
BaF2,,,
As2Pt,,,
BiF3,,,
PdSe,,,
PtSe2,,,
PdCl2,,,
AuS,,,
TaCl5,,,
Sb2Pt,,,
AsBr3,,,
NCl3,,,
Te2C,,,
P2O3,,,
LuSi2,,,
SiF2,,,
EuBi2,,,
P2Se3,,,
Al2Te,,,
PuF3,,,
Sc2Br3,,,
LuGe2,,,
Er6Cl7,,,
Sb4Cl,,,
TlI3,,,
Au2Se,,,
OsF3,,,
ZnI2,,,
TlSe,,,
BTe,,,
As2O3,,,
AgS,,,
Sc2Ge,,,
Ta2S3,,,
ZnI2,,,
YF3,,,
NdS3,,,
MoBr2,,,
P2O3,,,
RuF2,,,
TaSe3,,,
Sn2Os,,,
W3Se4,,,
PtN2,,,
GaBr3,,,
AgBr,,,
ZrZn,,,
K2O,,,
HfI,,,
SiBi,,,
SiTe,,,
SnTe,,,
BrO3,,,
LaGe3,,,
Ga2Se5,,,
Pr2Cl5,,,
GeN,,,
YBe5,,,
WBr3,,,
RuBr3,,,
BaI2,,,
Ga2S5,,,
YGe3,,,
Tb2Sn,,,
B2O3,,,
TiBr2,,,
ScI3,,,
SnN,,,
TcO2,,,
GeBi,,,
ZrAg,,,
Sb2Se3,,,
ScSe3,,,
BCl,,,
CN,,,
AgCl,,,
In2Se,,,
ZnF2,,,
Feb-02,,,
NbSe2,,,
MoI2,,,
Bi2C,,,
Au2S,,,
SnN2,,,
Nb2S,,,
ScS3,,,
WO3,,,
BaBr2,,,
ReTe2,,,
GaCl3,,,
B2Se5,,,
NCl3,,,
SbO2,,,
Sb9Cl2,,,
CoSi4,,,
EuAs2,,,
WS2,,,
Si3Rh,,,
PbN3,,,
CaBr2,,,
RuBr2,,,
SBr,,,
P2Pd,,,
BF,,,
P2Pt,,,
PtN2,,,
Bi2S3,,,
ZrI2,,,
IrPb3,,,
GdI3,,,
SiTe,,,
P2Pb,,,
NbTe3,,,
NbI3,,,
Ga2O,,,
AuF,,,
CrSe2,,,
CI4,,,
OsBr2,,,
Er6F7,,,
CoC4,,,
Ga2Fe,,,
SbCl3,,,
ReSe2,,,
Tl2S5,,,
CeSe3,,,
AlAs5,,,
SnF2,,,
AsCl4,,,
VTe2,FM,,
FeCl4,,,
Ga2Ru,,,
ThCl4,,,
HfBr2,,,
As2S3,,,
AuBr,,,
SiSe,,,
SnCl2,,,
B2S5,,,
BiC,,,
Bi2Te3,,,
Sr2As,,,
AsO2,,,
HfBr,,,
VS3,,,
ReF2,,,
Tl2S5,,,
WO3,,,
AuCl,,,
TiCl,,,
Sc2I3,,,
VS3,,,
InAs5,,,
AlAs3,,,
UCl4,,,
MgO2,,,
Ta6O13,,,
Ba5Rh,,,
Ca2Bi,,,
PbSe2,,,
Se5N2,,,
PdCl2,,,
USe5,,,
WBr2,,,
B2Os,,,
NbTe2,,,
HfCu,,,
SmI3,,,
Y7F10,,,
WCl2,,,
Bi2Se3,,,
CaF2,,,
RhF3,,,
TeC,,,
Si3Ir,,,
Er6Br7,,,
MoCl2,,,
HfI2,,,
CaI2,,,
Pr2F5,,,
MoI3,,,
SnH,,,
SbC,,,
ZrCu,,,
NiS,,,
HgCl2,,,
GeS2,,,
AsI4,,,
Y5F8,,,
InF,,,
Mo3Se4,,,
Tl4S3,,,
UI4,,,
NiP2,,,
TlN,,,
CoF3,,,
Sr2P,,,
NbCl2,,,
Re3Cl8,,,
CuCl2,FM,,
PdBr2,,,
CoI3,,,
AlCl3,,,
RuF3,,,
OsCl4,,,
Y2Si,,,
AlSb,,,
I3N,,,
TlTe,,,
BeO2,,,
TlSe,,,
GeP,,,
PtBr2,,,
GeSb2,,,
GaBr3,,,
InTe,,,
SnAs3,,,
SrF2,,,
As9Br2,,,
DyI3,,,
SnP2,,,
NpCl3,,,
PtF2,,,
Tl2Fe,,,
RhF2,,,
AsI3,,,
GeTe2,,,
SeF,,,
P2S3,,,
ClO2,,,
BTe,,,
AsC,,,
Sr2Sb,,,
UF3,,,
As2Se3,,,
PI3,,,
SeCl,,,
In4O3,,,
WF2,,,
CBr3,,,
Ta3F8,,,
BeI2,,,
Bi2S3,,,
YI2,,,
NbS3,,,
TaBr3,,,
NiAs2,,,
CdF2,,,
SiAs3,,,
ScBr2,,,
Na2O,,,
RhS2,,,
TaBr5,,,
BaO2,,,
PbS2,,,
ZrS5,,,
SnN,,,
SiS,,,
TaS,,,
YCl3,,,
BBr3,,,
Sb2Se3,,,
GeTe,,,
Ta2Se3,,,
SmCl3,,,
P2C,,,
GeCl4,,,
GaAs5,,,
TeC,,,
OsBr3,,,
ScCl2,,,
V2Te,,,
AsO2,,,
CuSe2,,,
InCl3,,,
AlTe,,,
LuSn2,,,
NdCl2,,,
AsBr4,,,
Te3P2,,,
Ba2Ir,,,
TaTe3,,,
CdBr2,,,
AsBr3,,,
BCl,,,
BaI2,,,
GeSe,,,
SbBr4,,,
GaF3,,,
CoSe2,,,
Br2O5,,,
WCl3,,,
GaS,FM,,
Y2Br5,,,
Nd2S5,,,
AlI,,,
NiCl2,FM,,
TiBr,,,
BeI2,,,
TiF3,,,
As2Pd,,,
SiBr3,,,
CuS,,,
NbTe3,,,
GeN,,,
NpCl3,,,
Sb2Pt,,,
ReCl3,,,
Ge4Rh,,,
TcTe2,,,
MoS2,FM,,
Nb2Te,,,
GeO,,,
V2S,,,
V2Se3,,,
P2S3,,,
AlSe,,,
Tl2O3,,,
Si3Ni,,,
Y2S3,,,
TeAu2,,,
CuTe,,,
Ge2Os,,,
BI,,,
GaF,,,
TiI,,,
ClO3,,,
GaBr,,,
AsCl3,,,
Tb5F8,,,
InBr,,,
AuF,,,
Al4S3,,,
HfF,,,
SbCl3,,,
PCl3,,,
Be2Ir,,,
TiBr2,,,
Al2Se,,,
SiSe,,,
HfF2,,,
GeAs3,,,
AlS,,,
AlBr3,,,
Ag18Se11,,,
Ca2Sb,,,
HfHg,,,
Sb2S3,,,
RhO2,,,
AlSe,,,
TbI3,,,
YBr,,,
NdBr2,,,
NdI3,,,
VBr5,,,
Sr5Rh,,,
SmF3,,,
SeO2,,,
SbF3,,,
CCl3,,,
NiAs2,,,
BaF2,,,
TlAs3,,,
Ru4Se5,,,
As4Br,,,
Al4Te3,,,
VTe3,FM,,
DyBr3,,,
C3Br8,,,
Nb6O13,,,
NF3,,,
U2Se5,,,
Te3N2,,,
Se3N2,,,
Bi2Te5,,,
Te5P2,,,
CrI2,AFM,,
NbS2,,,
BrO2,,,
Te5N2,,,
In2Te,,,
Ga2Te,,,
In2Se,,,
In2Te,,,
Ga2Te,,,
B2Se,,,
PbN,,,
As2Se5,,,
MnI3,,,
VS2,,,
Al2Se,,,
Ga2Se,,,
PCl3,,,
Ta3Br8,,,
InCl,,,
NiSn4,,,
Be5Rh,,,
ZnCl2,,,
Ca2Co,,,
PdPb4,,,
CoPb4,,,
La2Br3,,,
Ge3Rh,,,
Ga4S3,,,
Ge2O3,,,
As4F,,,
WCl2,,,
Al2Se3,,,
Ba5Y,,,
TeRh,,,
ReI2,,,
Al2Te3,,,
Au2Se,,,
CaPb2,,,
Ba2Co,,,
Mg2Zn,,,
Ta3Cl8,,,
YCl2,,,
TcCl2,,,
ZnF2,,,
TeIr,,,
BaBr2,,,
Te2Pd,,,
NbBr3,,,
Ba2Bi,,,
HfC2,,,
InSb,,,
Ca2Zn,,,
HfZn,,,
AuBr2,,,
RuI3,,,
TlSb,,,
BeF2,,,
TmF2,,,
In2Te3,,,
AuI2,,,
PuI3,,,
NdSn2,,,
CuS,,,
GaCl,,,
TbF,,,
SmSn2,,,
CrS2,,,
AlP,,,
YC3,,,
CaAg,,,
IrS,,,
InCl,,,
TiSn2,,,
V3I8,FM,,
V3F8,,,
PdI2,,,
NdSi2,,,
PrPb5,,,
Sb3C,,,
TiC2,,,
Ge3Ir,,,
TlBi3,,,
InBi,,,
UCl3,,,
InAs,,,
SrI2,,,
NdF2,,,
Sr5Tm,,,
AlBi,,,
YF,,,
PtPb3,,,
TaBr4,,,
Ca5Tm,,,
GaP,,,
AuCl2,,,
As3Pb,,,
SbBr3,,,
Ca2Cd,,,
GeCl3,,,
B2O,,,
Ga3Co,,,
WBr2,,,
MgAg,,,
SiI3,,,
TiI3,FM,,
EuN2,,,
CePb5,,,
Be2Zn,,,
BiI3,FM,,
BN,,,
AlCl,,,
PtS2,,,
GeP2,,,
Zr3Se2,,,
Se4O9,,,
CoCl3,,,
Mg2Bi,,,
GaBr,,,
BI,,,
Sr2Bi,,,
MgF2,,,
PbI3,,,
CuBr2,,,
AgBr2,,,
CuF,,,
B2Se,,,
ScF3,,,
NbF2,,,
Tl2Se3,,,
GaSb,,,
Al2O,,,
CaSi2,,,
NiSb2,,,
AlN,,,
NbS,,,
GdF3,,,
Be2As,,,
GaI,,,
ZrCl3,,,
HfCl3,,,
Y2Sn,,,
AgI2,,,
Sc2Cl5,,,
Ca2As,,,
Ba5Tm,,,
NbCl5,,,
SrSn2,,,
V2S3,,,
InI3,,,
Tc3Cl8,,,
SmPb2,,,
TcI3,,,
ThF2,,,
BP,,,
Mg2Cd,,,
HfBr4,,,
U2S5,,,
CeSn5,,,
CuBr,,,
RhC4,,,
ReI3,,,
TcS,,,
Re2Br5,,,
AuBr,,,
BeSi2,,,
Cu2Se,,,
S3N2,,,
CeSi2,,,
SmSi2,,,
MoBr4,,,
MoI2,,,
SnI4,,,
Nb2O5,,,
GeI3,,,
CuI,,,
LaSi3,,,
Bi2O3,,,
BSb,,,
TaF2,,,
CuF,,,
GaP,,,
OsC2,,,
TcTe,,,
GaI3,,,
CF2,,,
Tc3Br8,,,
BBr,,,
Sb2Pb,,,
BS,,,
Ba2P,,,
Be2Sb,,,
Te2Pt,,,
RhCl2,,,
La2Pb,,,
CO,,,
ReI4,,,
PrSi5,,,
TlSb3,,,
AsI3,,,
AgCl2,,,
ZnCl2,,,
RhI4,,,
TeOs,,,
AlCl,,,
HPb3,,,
FeF3,,,
Be2P,,,
TcBr4,,,
TlTe,,,
PdN2,,,
Ta2O5,,,
AuI,,,
RuPb2,,,
BeC2,,,
CuI2,,,
HfI3,,,
BeBr2,,,
Sr5La,,,
Sn2Ru,,,
NiSe2,,,
BeAg,,,
TlBr3,,,
BiO2,,,
PI3,,,
CO,,,
AuF,,,
Tc2Cl7,,,
Ga2Se3,,,
CdF2,,,
CS2,,,
BS,,,
BiCl3,,,
NpBr3,,,
Sr2Co,,,
NiN2,,,
In3Co,,,
ZrCl4,,,
PdC4,,,
GaBi3,,,
BiBr3,,,
RhCl4,,,
BSe,,,
ScF,,,
Tb2Pb,,,
GaN,,,
YF2,,,
CS,,,
TlN3,,,
PbI4,,,
AlAs,,,
Si4Pd,,,
AlAs,,,
Re2Cl5,,,
YF2,,,
CeC2,,,
SnBr4,,,
Bi2O3,,,
TaTe,,,
HfSi2,,,
CeSn2,,,
InBr3,,,
W3O8,,,
PdS,,,
Tl3Rh,,,
SrAg,,,
AlN3,,,
Ga3Rh,,,
CaSn2,,,
Sr2Cd,,,
SnBi,,,
In3Rh,,,
GaAs,,,
C2O3,,,
CaGe2,,,
BeAu,,,
IrI4,,,
ReTe,,,
SCl,,,
Ba5La,,,
AlBi3,,,
TaF3,,,
Ta2O5,,,
CuS2,,,
SCl,,,
MgSi2,,,
Sc2Sn,,,
GaI,,,
AsBr3,,,
P9Cl2,,,
InI,,,
IrCl2,,,
MgAu,,,
ScCl3,,,
NiAs2,,,
ReBr3,,,
TeRu,,,
NpI3,,,
GaBi,,,
BCl,,,
CSe,,,
InI3,,,
PrSn5,,,
GeBi2,,,
Ga2S5,,,
TaI4,,,
Si4Ni,,,
ThBr2,,,
PbBr3,,,
Nb2O5,,,
MgC2,,,
CS,,,
Y2Pb,,,
LaF,,,
B3Rh,,,
PtC3,,,
SrSi2,,,
SrPb2,,,
Nb2O5,,,
Be2Co,,,
Sr2Zn,,,
PrC5,,,
CrI4,,,
ScBr,,,
PbCl3,,,
NdPb2,,,
TlP,,,
WI2,,,
BiPb,,,
Bi2Pb,,,
InI,,,
PdO2,,,
Sr5Y,,,
WBr4,,,
CaC2,,,
ZrI3,,,
RhS,,,
Te3N2,,,
AlI3,,,
IrC3,,,
B2S5,,,
CCl2,,,
Re3Br8,,,
TcBr3,,,
CrO3,,,
CSe,,,
P9Br2,,,
CePb2,,,
EuPb2,,,
NiPb4,,,
Se3N2,,,
Gd2Cl3,,,
BCl3,,,
BeSn2,,,
Mg2As,,,
SrI2,,,
HfTe3,,,
SnBi2,,,
ScI,,,
B2Se5,,,
S3N2,,,
SbI4,,,
BI3,,,
GeBr3,,,
OsS,,,
Au18Se11,,,
ScF2,,,
ScF2,,,
Mo3O8,,,
PtS,,,
Feb-04,,,
HgF2,,,
IrBr4,,,
SrC2,,,
RuSe,,,
SmC2,,,
SiN3,,,
VI4,,,
NiN2,,,
SO2,,,
PbN2,,,
Bi5B,,,
AlBi5,,,
GaBi5,,,
GeBi,,,
InBi5,,,
Si3Pt,,,
Te5Ru4,,,
B4O3,,,
ReCl4,,,
BSb5,,,
ReBr4,,,
ZrBr4,,,
P4Cl,,,
TcCl4,,,
Ge3I8,,,
NbI5,,,
CrBr4,FM,,
Y2Te3,,,
In2O3,,,
TiTe3,,,
TePt,,,
AlBr,,,
GaN3,,,
OsPb2,,,
Re2Cl7,,,
CS,,,
Os4Se5,,,
Ge3H,,,
InSb5,,,
Ge4Pd,,,
O5F2,,,
EuSn2,,,
Bi3C,,,
TlBi,,,
NbBr4,,,
Be2Cd,,,
Sb3Pb,,,
ZrI4,,,
Tl2Te3,,,
NbCl4,,,
PuBr3,,,
PtC4,,,
Tc3I8,,,
Re2Br7,,,
BAs3,,,
SnSb3,,,
PbBr4,,,
CuTe,,,
NbCl4,,,
Bi3B,,,
AuCl,,,
Tc2Br7,,,
Si4Pt,,,
SbPb,,,
Re3I8,,,
Bi3Pb,,,
PtF2,,,
EuSi2,,,
TcI4,,,
NO2,,,
PuCl3,,,
CN3,,,
Mg5Co,,,
Tc2Br5,,,
SiBi3,,,
TaTe2,,,
GaBr,,,
SnBi3,,,
InN5,,,
Ge4Pt,,,
PbCl4,,,
BSb3,,,
TeAu2,,,
GaSb5,,,
NiN2,,,
Ca2Ir,,,
GeBi3,,,
Ta3I8,,,
Cu2Se,,,
SnSb,,,
V2Te3,,,
Cu2Te,,,
NbBr4,,,
I4N,,,
Tl3Co,,,
RhBr4,,,
HfI4,,,
TcF3,,,
Nb2O5,,,
SF,,,
TaBr4,,,
NbBr5,,,
OsBr4,,,
NbI4,,,
MnF3,,,
Tl2O3,,,
AlSb5,,,
Nb2O5,,,
Te11Au18,,,
HC3,,,
Te5Os4,,,
GeN3,,,
OsI4,,,
TaCl4,,,
V3Br8,FM,,
In2Se3,,,
PC,,,
LaBe5,,,
SrGe2,,,
SiSb3,,,
N2O3,,,
NiTe2,,,
CuCl,,,
WS3,,,
IrCl4,,,
P9F2,,,
As9F2,,,
ThF4,,,
Y2I3,,,
Mg2Co,,,
TePd,,,
Mg2Ir,,,
Sb2Pd,,,
Ca2Rh,,,
AuCl,,,
La2C,,,
InAs,,,
TlS,,,
ReSe,,,
Al2Fe,,,
As2Pd,,,
TlBi,,,
TeAu,,,
FeSn2,,,
V2Se,,,
AlBi,,,
In2S5,,,
NbSe3,,,
Ta2Se3,,,
TlCl,,,
PC,,,
Bi2Te3,,,
IrF4,,,
Nb2Te3,,,
V2Se3,,,
Ta2Te,,,
Ag2Se,,,
AgSe,,,
HgBr2,,,
GeS,,,
MnCl3,,,
ZrAu,,,
FeC2,,,
Nb2Se3,,,
Ca5Co,,,
TiI2,,,
BiBr4,,,
ZrF,,,
Si2Os,,,
MoF2,,,
SI,,,
Cr3S4,,,
Y2I5,,,
SiBi,,,
Al3Rh,,,
PdSe,,,
Ba5Sc,,,
Au2S,,,
Al2S3,,,
VBr3,,,
SnBr3,,,
Ga2S3,,,
Al2S5,,,
AsF4,,,
BaAg,,,
SiF4,,,
SrCl2,,,
CuBr,,,
Bi9Cl2,,,
TiI2,,,
P2Pd,,,
GaS,,,
SiP3,,,
SiSb,,,
HgCl2,,,
ZrC2,,,
Ba2Rh,,,
Ba2Cd,,,
Te4Mo3,,,
TiCu,,,
Mg5Ir,,,
TlCl,,,
SbCl3,,,
Sc7Br10,,,
ReF4,,,
BS,,,
RuBr4,,,
MnBr3,,,
TlCl3,,,
NbF5,,,
AuS,,,
ZrF2,,,
Tc3F8,,,
CrI2,,,
TlN,,,
NbS3,,,
NiBi2,,,
TiI4,,,
PF4,,,
NbSe2,,,
Bi4Cl,,,
PbCl2,,,
SnCl3,,,
Mn2I5,,,
SnTe2,,,
Te3As2,,,
TeBr,,,
Be2Rh,,,
TaSe2,,,
CoF2,,,
VI4,,,
YMg5,,,
TlI3,,,
In2Se5,,,
NbBr5,,,
InP,,,
VS3,,,
ScI2,,,
Te3Mo,,,
TlAs5,,,
TlSe,,,
SI,,,
TcCl3,,,
Cu2S,,,
SeI,,,
V2Te3,,,
TiGe2,,,
AgF,,,
Ta2S,,,
Tl4Se3,,,
Zr3Te2,,,
NbSe3,,,
AgI,,,
PbF3,,,
Tl2Te,,,
WF2,,,
P2S5,,,
NiBi2,,,
Tc2F7,,,
VS,,,
TiCl3,FM,,
SnAs,,,
CF4,,,
InSb,,,
VCl4,,,
ScTe3,,,
Ba5Ir,,,
Be5Ir,,,
In3Ir,,,
Nb2S3,,,
ReF3,,,
VTe,,,
BiF3,,,
AlF3,,,
BF,,,
As2S3,,,
Nb2Te3,,,
VI5,,,
Ga2Te5,,,
InF,,,
IrPb4,,,
AgBr,,,
BiCl4,,,
ZrBr2,,,
CdI2,,,
Ta2Se3,,,
Tl3Ir,,,
Tl2Te,,,
NbCl4,,,
TaCl5,,,
In2Te5,,,
GaF,,,
CrF4,,,
Tc2F7,,,
P2Pd,,,
Ag2Te,,,
Sc7F10,,,
Al3Co,,,
Re3F8,,,
YI2,,,
ScSi3,,,
Y2F3,,,
TePb,,,
GeF4,,,
Sc7I10,,,
HgCl2,,,
PtSe,,,
TaBr5,,,
TePd,,,
Sc5Br8,,,
GaSe,FM,,
ZrCl2,,,
CuSe,,,
In4Te3,,,
YS3,,,
TeAu,,,
SbBr3,,,
Fe4Se5,,,
Tl2Te5,,,
NbBr4,,,
MgI2,,,
HgCl2,,,
TlBr,,,
TeBr,,,
YBr2,,,
GaSe,,,
Al4Se3,,,
Re2F5,,,
Ga4Se3,,,
Tl2Se,,,
LaMg5,,,
TlBr,,,
AlBr3,,,
TaI5,,,
Tl2Te5,,,
As4I,,,
ZrI,,,
TiCl4,,,
SeI,,,
RhF4,,,
NbF4,,,
AsC,,,
AsF3,,,
Ag2Te,,,
NiSe,FM,,
MnI4,,,
HfI2,,,
AgTe2,,,
TaTe3,,,
CaCl2,,,
GaBi,,,
As9I2,,,
Ta2S3,,,
AgSe,,,
TiAg,,,
TaF4,,,
Sr2Hg,,,
GaP5,,,
ReF3,,,
Ca5Sc,,,
Bi2Pt,,,
BAs,,,
GaSe,,,
B2Te3,,,
InCl3,,,
ScBr2,,,
Ru4S5,,,
Mg2Hg,,,
InF3,,,
BP5,,,
PtS,,,
GaTe,,,
CI2,,,
Y7Cl10,,,
AlTe,,,
HfAu,,,
TaF4,,,
CrCl2,,,
CrCl2,,,
VF4,,,
AuSe2,,,
Te4W3,,,
PF3,,,
ZrSi2,,,
CuI,,,
VCl4,,,
AsPb,,,
InS,,,
ZrPb2,,,
SiI2,,,
CaCu,,,
BaC2,,,
Bi2Pt,,,
NbTe2,,,
RuCl4,,,
Bi4Br,,,
Sb2Te3,,,
ReI3,,,
TiI3,,,
MnSe2,,,
RuI4,,,
VI4,,,
Ba2Zn,,,
YI3,,,
Sr5Ir,,,
ScGe3,,,
BTe,,,
Mn3Cl8,,,
In4S3,,,
B2Te5,,,
Al2S,,,
TlI,,,
Re2F7,,,
BeCl2,,,
NiS,,,
BiB,,,
SnP,,,
Sb4I,,,
BaAu,,,
GaF,,,
RhSe,,,
YSe3,,,
Sb2Pd,,,
Be2N,,,
TaI5,,,
TcF3,,,
PbF2,,,
Ca2Hg,,,
MnI3,,,
MnTe,,,
TiTe5,,,
NF3,,,
HfF4,,,
TaSe,,,
NbSe,,,
B2Se3,,,
Hf3Se2,,,
Be2Hg,,,
Al2Se5,,,
OsF4,,,
Ga2Te5,,,
Ga3Ir,,,
Sc2Cl3,,,
ZrF2,,,
TlCl,,,
CuCl,,,
AuF2,,,
InS,,,
TaCl3,,,
B2Te5,,,
Sc5F8,,,
MgBr2,,,
LaSn3,,,
SbBr3,,,
VF2,,,
GaF3,,,
BaCl2,,,
NiTe,AFM,,
NiI2,FM,,
YSn3,,,
Sb9I2,,,
CuSe,,,
ZrBr2,,,
TeCl,,,
Nb2Se,,,
FePb2,,,
CuTe2,,,
TcSe,,,
ReS2,,,
CuS,,,
SiN,,,
BiI4,,,
Y5Cl8,,,
TeCl,,,
AlSe,,,
NiF2,,,
NbI4,,,
PPb,,,
ZrF4,,,
FeGe2,,,
CuCl,,,
Sr5Sc,,,
SiF3,,,
BF3,,,
TaF4,,,
Mn2Cl7,,,
TcF4,,,
Sr2Rh,,,
ZrSn2,,,
CoS,,,
IrSe,,,
TaS3,,,
MnCl3,,,
TlBr3,,,
Bi2Pd,,,
SnTe,,,
TiBr4,,,
ScI3,,,
AuI,,,
Mn2Br5,,,
MnCl4,,,
InTe,,,
TcS2,,,
ScPb3,,,
TaS2,,,
GeF3,,,
Y2Br3,,,
VSe3,,,
BP,,,
Ga2S,,,
Nb2S3,,,
As2S5,,,
Bi4F,,,
TaTe2,,,
InBi3,,,
Sc2I5,,,
Bi9Br2,,,
Te3P2,,,
AlF,,,
HgI2,,,
MnBr4,,,
V2Te3,,,
Cr3Se4,,,
AlS,,,
VSe2,FM,,
CrBr2,,,
Ga2S,,,
Ca5Rh,,,
AlP3,,,
Si4Ir,,,
TlTe,,,
MgF2,,,
InTe,,,
Ti3Te2,,,
CrS3,,,
CoCl4,,,
AlP5,,,
TlP3,,,
Tc2F5,,,
NbCl3,,,
B4Se3,,,
VBr4,,,
TaS3,,,
PCl3,,,
TeF,,,
TlSb5,,,
SnI3,,,
NF4,,,
Y7I10,,,
Os4S5,,,
Ta2O5,,,
Re2F7,,,
BSb,,,
Mn2Br7,,,
NbCl5,,,
SnSb2,,,
Re2I5,,,
Tl2Se,,,
Sb2Pt,,,
GeSb3,,,
BaPb2,,,
As2Pd,,,
Ta2O5,,,
Te3W,,,
InSb3,,,
MgCu,,,
TaCl4,,,
AlP,,,
BiI3,,,
HfBr3,,,
BeCu,,,
EuC2,,,
Y2F5,,,
InN,,,
BiB,,,
MnS,,,
Sn3Br8,,,
InP5,,,
Sn3Ir,,,
In2S,,,
BaGe2,,,
ScBe5,,,
ZnI2,,,
Sc2F5,,,
Mn3Br8,,,
MoF2,,,
AuS,,,
ZrBr3,,,
IN4,,,
PdC3,,,
TiF3,,,
GaP3,,,
CoSi3,,,
Sc2S3,,,
MnF2,,,
Bi2O5,,,
Mg2N,,,
CoPb3,,,
AlF,,,
InAs3,,,
Te3N2,,,
CuF,,,
B3Ir,,,
NbTe3,,,
NbF4,,,
V3Cl8,,,
Bi9F2,,,
P3C,,,
As2Pt,,,
InN,,,
Sn3Pt,,,
HgF2,,,
Y2Se3,,,
P3Pb,,,
Tl2S3,,,
RhC3,,,
N9Cl2,,,
Ge4Ir,,,
Sc5I8,,,
Sb2O5,,,
Se3N2,,,
N2O3,,,
B2S,,,
HgF2,,,
CeC5,,,
CoGe3,,,
P4I,,,
Si3I8,,,
Sb2Te5,,,
Ge3Pd,,,
AsF3,,,
CrF2,FM,,
InF,,,
TlBi5,,,
FeI4,,,
BF,,,
CrTe2,,,
MoI4,,,
VTe3,FM,,
Sb2O3,,,
NiS,,,
CoBr4,,,
Re2I7,,,
NiPb3,,,
TaSe3,,,
BP3,,,
VI3,,,
FeF2,,,
Sn3Rh,,,
P4C3,,,
La2Cl3,,,
S5N2,,,
NiGe4,,,
Si3P4,,,
Tc2I5,,,
Si3N4,,,
PI4,,,
LuC2,,,
Sc2Te3,,,
WI4,,,
NbI4,,,
Sn4Rh,,,
Re2Br7,,,
CoSn4,,,
Hf3S2,,,
PdN2,,,
NiBi2,,,
Si3Pd,,,
NiTe,AFM,,
BiPb,,,
UF4,,,
InN3,,,
BSe,,,
Pb3Cl8,,,
CF3,,,
Ga2Te3,,,
SiN2,,,
P2Pt,,,
PdPb3,,,
P4Br,,,
AuS2,,,
Bi2S5,,,
CoTe,,,
AgBr,,,
Tc2I7,,,
PtSe,,,
TaI4,,,
VBr5,,,
MnTe2,,,
TaS2,,,
Sn3Cl8,,,
ReBr3,,,
Ge3Br8,,,
Ag18S11,,,
Si3F8,,,
P9I2,,,
Sb2Se5,,,
P4F,,,
Nb3F8,,,
Mn2Cl5,,,
Pb3Br8,,,
CoB3,,,
VF5,,,
CrSe3,,,
IrC4,,,
VI5,,,
NiSn3,,,
ScC3,,,
AlN5,,,
PtN2,,,
VF3,,,
TlN5,,,
B2S,,,
TeF,,,
AsCl3,,,
Pb3N4,,,
TaI4,,,
TaF5,,,
Tc2Cl7,,,
ZnF2,,,
TaBr4,,,
In2S,,,
Ag18Te11,,,
Si3As4,,,
Re2Cl7,,,
PdN2,,,
Ge3N4,,,
WSe3,,,
PF3,,,
SbBr3,,,
HfCl4,,,
BiCl3,,,
BiI3,,,
SbI3,,,
PCl3,,,
OsCl3,,,
TlAs,,,
InP,,,
AlSb,,,
LaPb3,,,
AsI3,,,
BiF3,,,
MoSe3,,,
SbCl3,,,
PI3,,,
I3N,,,
Ge3F8,,,
La5Cl8,,,
RuS2,,,
ThSi2,,,
CuBr2,,,
ZnTe,,,
NdSe3,,,
HgH,,,
GeF2,,,
SiF2,,,
HfS,,,
PN,,,
Ge3As4,,,
ZrCl4,,,
ThPb2,,,
As4C3,,,
SbTe,,,
AlS,,,
Si3P4,,,
Ag2Se,,,
Al2O3,,,
AgSe2,,,
CeTe,,,
BS,,,
BaF2,,,
Cd3Cu,,,
AgO,,,
Ba2Bi,,,
PdI2,,,
SbCl4,,,
GeS,,,
BaBr2,,,
LuAs2,,,
PbF4,,,
WSe,,,
CaF2,,,
BeI2,,,
Zn3Au,,,
TiBr4,,,
PO2,,,
AsBr5,,,
Si2O3,,,
KCa,,,
Pt3S4,,,
SnBr4,,,
Ge3W,,,
BiCl3,,,
BI3,,,
CaI2,,,
GaTe,,,
Rb2F,,,
Tl2Se3,,,
VTe2,,,
TaTe2,,,
AsI5,,,
Tl2O3,,,
BiAs,,,
Bi4Pb3,,,
BP,,,
HfO2,,,
CCl4,,,
BiO2,,,
Sr2P,,,
PI5,,,
SbAs,,,
TlTe,,,
NaSr,,,
HfO2,,,
AsSe,,,
NbI4,,,
AgO2,,,
TeC,,,
BiSb,,,
SiI2,,,
Sn3Mo,,,
HfO2,,,
SiSn,,,
TlS,,,
CF4,,,
SnPb,,,
CrSb2,,,
PbO2,,,
TeP,,,
BiBr3,,,
I5N,,,
SiF4,,,
Nb2Cl5,,,
TaF4,,,
ErS3,,,
CI4,,,
Na2Br,,,
RhPb3,,,
NCl4,,,
BSe,,,
Mg2Bi,,,
NbF5,,,
RbSr,,,
SiTe,,,
B2Te3,,,
BiO2,,,
LiCa,,,
BiP,,,
ZnSe,,,
Pb3N4,,,
PrTe3,,,
NbF4,,,
I3N,,,
ZrBr4,,,
PF3,,,
AuBr2,,,
MoSe,,,
K2I,,,
BaF2,,,
Sb2O3,,,
NbCl5,,,
Tl2Te3,,,
MoS,,,
MoAs,,,
SbI3,,,
CrN2,,,
TeP,,,
AlAs,,,
AuI2,,,
Ni3S4,,,
PPd,,,
AlTe,,,
InSe,,,
Cd3As,,,
Ge3Bi4,,,
BiTe,,,
BAs,,,
PCl4,,,
SiSe,,,
OsS2,,,
NiI2,FM,,
AlI3,,,
PtN,,,
Cd3Ag,,,
Bi6Au,,,
ZrAs2,,,
AsF5,,,
BiI5,,,
Hg3N,,,
Ga2Se3,,,
Ge3Sb4,,,
CdSe,,,
N2O3,,,
PbF2,,,
CaI2,,,
CrTe,,,
Sn3Sb4,,,
SbPd,,,
Sn3N4,,,
Mg2Sb,,,
LuBi2,,,
Cd3Au,,,
PO2,,,
ZrSb2,,,
Sn2O5,,,
TaO2,,,
SbCl5,,,
Sb4C3,,,
Ca2Sb,,,
PrSe3,,,
AuSe2,,,
BF3,,,
CaBr2,,,
AgS2,,,
TaS2,,,
YSe,,,
MgBr2,,,
Rb2I,,,
Te2Au,,,
TeAu2,,,
InS,,,
Fe3Te4,,,
SnTe,,,
Fe3Se4,,,
V2I5,FM,,
SnS,,,
TaCl5,,,
As2O3,,,
Te2Ru,,,
CCl2,,,
Li2I,,,
Sn2O3,,,
SnSe,,,
V2Cl5,FM,,
AsSe,,,
PO2,,,
SeN,,,
B13Sb2,,,
ZnS,,,
SrBr2,,,
VBr5,,,
P4Pb3,,,
InN,,,
BTe,,,
HgSe,,,
AsN,,,
NiN,,,
Be2Bi,,,
AsO2,,,
SbCl5,,,
OsO3,,,
CaI2,,,
AsCl5,,,
SiCl4,,,
SbSe,,,
Sn3W,,,
PbSe,,,
Cr3O8,,,
BaNa,,,
ErSe3,,,
GeCl4,,,
AsP,,,
Sb2O3,,,
BiSe,,,
GaAs,,,
SbBr5,,,
NbI5,,,
HfTe,,,
Sb6Au,,,
AuO2,,,
RbCa,,,
PtBr2,,,
Sr2Bi,,,
Ba2P,,,
MgI2,,,
RuSe2,,,
SiS,,,
BeBr2,,,
K2Br,,,
SbCl3,,,
Bi2B13,,,
In2O3,,,
Fe3Te4,,,
Ge3P4,,,
H3Pd,,,
SO3,,,
PbBr2,,,
AlBi,,,
NiF2,,,
HoP2,,,
AgBr2,,,
CaCl2,,,
TeAs,,,
VBr4,,,
HoAs2,,,
Sn3Bi4,,,
Nb2O5,,,
Li2Br,,,
Nb2Br5,,,
AsPt,,,
CuCl2,FM,,
Hg3P,,,
KSr,,,
AsO2,,,
InP,,,
Mg2P,,,
Na2F,,,
TaI5,,,
CrP,,,
Pb3W,,,
PCl5,,,
ZrTe,,,
Ca2As,,,
RuO3,,,
ScSe,,,
PbS,,,
B2S3,,,
OsSe2,,,
GaBi,,,
MoP2,,,
TaBr4,,,
AsO2,,,
BeF2,,,
BeI2,,,
SiBr4,,,
CSe,,,
HfCl4,,,
HfO,,,
Sr2As,,,
TiCl4,,,
PO2,,,
Si3Sb4,,,
TeN,,,
HfF4,,,
CuTe2,,,
HgS,,,
ZrO2,,,
SnCl2,,,
TiTe,,,
NiH3,,,
CBr4,,,
PCl3,,,
ZrO2,,,
GaS,,,
Os3Se4,,,
BeCl2,,,
WN2,,,
Ta2Cl5,,,
TiI4,,,
TiS,,,
VF5,,,
ScS,,,
CaCl2,,,
AsPd,,,
HoBi2,,,
AlBr3,,,
ZnSe,,,
TeP,,,
Li2Cl,,,
ZrSe,,,
Ru3S4,,,
GeO2,,,
CuI2,,,
BCl3,,,
Ag2S,,,
Ru3Se4,,,
FeSe2,,,
TePb,,,
GeO2,,,
Sb4Pb3,,,
NaBe,,,
PtI2,,,
GePb,,,
Ta2Br5,,,
SbSe,,,
Te4Pd3,,,
Te2Ru,,,
AsI3,,,
HfO2,,,
Sn3As4,,,
NCl5,,,
Si3Rh,,,
Ag2Te,,,
TcO2,,,
NiCl2,FM,,
AgTe2,,,
NaCa,,,
Al2Te3,,,
CrAs2,,,
PbCl4,,,
PSe,,,
Ba2N,,,
SeO3,,,
Si3As4,,,
AuS2,,,
SbTe,,,
RbBa,,,
Ni3Se4,,,
CrP2,,,
TiN2,,,
Tc2O7,,,
AsS,,,
TeAs,,,
Te4Os3,,,
Nb2I5,,,
Te2Os,,,
Cu2S,,,
BaCl2,,,
Cd3P,,,
Mn2O7,,,
PF5,,,
OsO2,,,
HoSe,,,
HoTe,,,
AlSb,,,
BBr3,,,
TaO2,,,
NF5,,,
HfSe2,,,
CeSe,,,
SnBr2,,,
PBr3,,,
HfSe,,,
SiGe,,,
PbCl2,,,
Si3W,,,
SiPb,,,
CdS,,,
BaI2,,,
HfP2,,,
As2O3,,,
BiTe,,,
Au2Se,,,
NiP,,,
TaTe2,,,
Pd3S4,,,
HfI4,,,
In2O3,,,
Cd3Bi,,,
BSb,,,
BaCl2,,,
LuP2,,,
ScO3,,,
KBe,,,
ThC2,,,
AsO2,,,
CuHg3,,,
Ge3Mo,,,
MoPb3,,,
W3O8,,,
TaSe2,,,
AuO,,,
HgSe,,,
TaBr5,,,
CdH,,,
Hg3Bi,,,
YTe,,,
CrSi3,,,
GaCl3,,,
PdF2,,,
TiF4,,,
TiTe2,,,
NCl3,,,
CdTe,,,
Tl2S3,,,
BiCl5,,,
Cu2Se,,,
BaBr2,,,
NbBr5,,,
NF3,,,
SrF2,,,
SmTe,,,
AsS,,,
Pt3Se4,,,
HgS,,,
SrCl2,,,
Bi4C3,,,
ZrS2,,,
CrGe3,,,
CrO3,,,
YO3,,,
Si3Bi4,,,
P2O3,,,
BaLi,,,
V2F5,,,
AgHg3,,,
TiP2,,,
In2Te3,,,
Bi2O3,,,
NdTe3,,,
HgS,,,
AgCl2,,,
GeF4,,,
ScTe,,,
BeCl2,,,
HfS2,,,
P2O3,,,
OsSe2,,,
SmSe,,,
PS,,,
PdSe2,,,
NbTe2,,,
InF3,,,
SnCl4,,,
SN,,,
HgTe,,,
InAs,,,
GaSb,,,
VCl5,,,
SbF3,,,
CdS,,,
SrLi,,,
K2Cl,,,
As2O3,,,
C2O3,,,
Be2Sb,,,
Br4N,,,
Ca2Bi,,,
Al2Se3,,,
AsCl3,,,
TiSe2,,,
CuSe2,,,
AsF3,,,
Ba2Sb,,,
CaCl2,,,
PBr5,,,
PSe,,,
LuN2,,,
BiI3,,,
CrAs,,,
B2O3,,,
MoP,,,
MoAs2,,,
Sr2N,,,
VF5,,,
Bi2O3,,,
SrF2,,,
Be2As,,,
SnC,,,
LiMg,,,
ReO2,,,
Hf2O7,,,
RuO2,,,
Ca2P,,,
AlBi,,,
PdCl2,,,
CrN,,,
AlCl3,,,
As2O3,,,
Cd3Sb,,,
SN,,,
VCl4,,,
SnI2,,,
Ge2O5,,,
PO2,,,
In2S3,,,
BiN,,,
Nb2F5,,,
Ba2As,,,
SrI2,,,
SbTe,,,
NO2,,,
P2W,,,
InTe,,,
As4Pb3,,,
AuN6,,,
TaO2,,,
NiAs,,,
TlAs,,,
BeBr2,,,
In2Se3,,,
CeS2,,,
RuSe2,,,
BiSe,,,
K2F,,,
Br5N,,,
SbSe,,,
CdSe,,,
HfBr4,,,
B2O3,,,
N2O3,,,
Ca2N,,,
Al2Se3,,,
WO3,,,
AsCl4,,,
Al2S3,,,
SeO3,,,
AuCl2,,,
AgN6,,,
Ge2O3,,,
ZnTe,,,
Mo3O8,,,
Sn3N4,,,
CuN3,,,
TiAs2,,,
WC3,,,
NbBr4,,,
AlSb,,,
TlSe,,,
WN,,,
GaF3,,,
CdS,,,
SrI2,,,
B2S3,,,
CdSe,,,
SiI4,,,
PSe,,,
Au2S,,,
ThSn2,,,
SrBr2,,,
SiO2,,,
NaMg,,,
Ga2S3,,,
GaN,,,
Sr2Sb,,,
NbF5,,,
Ga2O3,,,
PtF2,,,
PS,,,
TeN,,,
OsS2,,,
AlN,,,
MgBr2,,,
P2O3,,,
AsS,,,
CaF2,,,
Ge3Ir,,,
Na2I,,,
GaP,,,
BiB,,,
NO2,,,
Ga2S3,,,
As2W,,,
PS,,,
GeBr4,,,
BiO2,,,
MgCl2,,,
NbSe2,,,
Zr2O7,,,
KMg,,,
GeSe,,,
SbP,,,
W4O9,,,
FeSe2,,,
TeAs,,,
ZrS,,,
RuS2,,,
B2Te3,,,
CrS,,,
SrCl2,,,
V2O5,,,
WS,,,
InBi,,,
Cr3O8,,,
AlSe,,,
AsBr3,,,
SbS,,,
TlN,,,
Rb2Cl,,,
CrPb3,,,
MgI2,,,
TaCl4,,,
InSb,,,
ZrSe2,,,
Mn2I7,,,
PF3,,,
AsF3,,,
Sn3I8,,,
B2S3,,,
B2Se3,,,
NbCl4,,,
As6Au,,,
SbI3,,,
CrSn3,,,
AgP6,,,
CdTe,,,
SbS,,,
TeN,,,
SbF3,,,
C2O5,,,
In2S3,,,
TlBi,,,
PdBr2,,,
P6Au,,,
PbBr4,,,
MoC3,FM,,
Al2Te3,,,
NiBr2,FM,,
VI5,,,
Ga2Se3,,,
Be2N,,,
Os3S4,,,
Mo4O9,,,
MgF2,,,
VSe2,FM,,
Ni3Te4,,,
SN,,,
CaBr2,,,
P2O3,,,
RbMg,,,
Te4Ru3,,,
TaI4,,,
Ta2F5,,,
TlP,,,
Pb3F8,,,
AuN3,,,
CaBr2,,,
Pd3Se4,,,
In2S3,,,
AuF2,,,
NbCl5,,,
AsSe,,,
ZnTe,,,
AsBr3,,,
Sn3Ir,,,
V2Br5,FM,,
B2Se3,,,
SiC,,,
HfN2,,,
HfTe2,,,
PI3,,,
BeCl2,,,
FeTe2,,,
CoSi3,,,
AgF2,,,
TeW,,,
BeI2,,,
Sn3Rh,,,
Rb2Br,,,
BiW,,,
In2Se3,,,
SbMo,,,
MgF2,,,
CeTe2,,,
CrC3,,,
PBr5,,,
ZrI4,,,
AsW,,,
NiBi,,,
Zn3Cu,,,
B2Se3,,,
AsBr5,,,
Os3Se4,,,
Ru3Se4,,,
HfAs2,,,
GeI4,,,
TlF3,,,
WCl5,,,
PF5,,,
BiO2,,,
CoSn3,,,
SnI4,,,
B13N2,,,
TiSb2,,,
W3O8,,,
MoI5,,,
Ga13N2,,,
CaF2,,,
TlN,,,
SbBr3,,,
Be2P,,,
Ge3Rh,,,
NF5,,,
HfBi2,,,
WBr5,,,
BiPt,,,
TaBr5,,,
SrF2,,,
Ta2O3,,,
Ta4O9,,,
AsCl5,,,
Mg2N,,,
CrBr5,,,
AsI5,,,
GaI3,,,
Br3N,,,
SbBr5,,,
PO2,,,
In2O3,,,
TeMo,,,
BaI2,,,
CrF5,,,
Te4Os3,,,
CoPb3,,,
AuO2,,,
NbBr5,,,
BiPd,,,
InN,,,
Zn3Ag,,,
InBr3,,,
RbBe,,,
ZrO2,,,
Zn3N,,,
Te2Os,,,
Nb2O3,,,
ZrO2,,,
I5N,,,
NO2,,,
NO2,,,
ZrBi2,,,
La5F8,,,
CuF2,,,
CrBi,,,
SrBr2,,,
PbI4,,,
InCl3,,,
TaI5,,,
Zn3Sb,,,
CrI5,,,
SrI2,,,
RhC3,,,
HfSb2,,,
Mo3O8,,,
B13As2,,,
CO2,,,
VCl5,,,
IrC3,,,
P4C3,,,
YbF3,,,
Os3S4,,,
SbW,,,
VTe2,FM,,
TlBr3,,,
VSe2,FM,,
ZrO,,,
BiMo,,,
AgO2,,,
CO2,,,
MgI2,,,
AsF5,,,
CrBi2,,,
Ge3N4,,,
SO3,,,
Br3N,,,
GeC,,,
Zn3As,,,
B2O3,,,
Si3N4,,,
IrPb3,,,
HoN2,,,
CoGe3,,,
Ge3N4,,,
Tl2O3,,,
PW,,,
YbI3,,,
NO2,,,
Ru3S4,,,
TaCl5,,,
Pb3N4,,,
ZrP2,,,
CdTe,,,
BiCl5,,,
Ga2O3,,,
CrF5,,,
NiC4,,,
Cd3N,,,
WI5,,,
ZrO2,,,
TaCo3,,,
MoI5,,,
PBr3,,,
TaRh3,,,
Ga2O3,,,
WI5,,,
Tl2Te3,,,
CF2,,,
BrN4,,,
Au18S11,,,
CrCl5,,,
Tl2Se3,,,
Al2Se3,,,
Ga2Se3,,,
BiB,,,
NCl5,,,
Al13N2,,,
P4C3,,,
Ga2S3,,,
O2F,,,
TlSb,,,
BiTe,,,
VIr3,,,
N2O3,,,
BiBr5,,,
BiO2,,,
MoBr5,,,
AsO2,,,
TlI3,,,
Al2Te3,,,
In2Te3,,,
SeN,,,
WO2,,,
In2Se3,,,
TaIr3,,,
SrCl2,,,
TlBi,,,
Te4Ru3,,,
Zn3P,,,
BeF2,,,
MoCl5,,,
SnF2,,,
Sb2Mo,,,
Zn3Bi,,,
CrI5,,,
WBr5,,,
CS,,,
PPt,,,
PI5,,,
Li2F,,,
CrBr5,,,
PbC,,,
NiSb,,,
Nb4O9,,,
Bi2W,,,
BaF2,,,
CrSb,,,
MgF2,,,
Bi2Mo,,,
PCl5,,,
Br5N,,,
As4C3,,,
NbI5,,,
MgBr2,,,
VI5,,,
SeN,,,
HgTe,,,
C3N4,,,
MoO2,,,
CrCl5,,,
MoBr5,,,
Ga2Te3,,,
VBr5,,,
InI3,,,
B2Te3,,,
AlAs,,,
N2O3,,,
WCl5,,,
Sb2W,,,
CI2,,,
KBa,,,
Al13Sb2,,,
PbO2,,,
NbTe2,,,
SnO2,,,
BeBr2,,,
TlCl3,,,
SbPt,,,
BiBr5,,,
WF2,,,
Tl2Te3,,,
Ga2Te3,,,
HgSe,,,
GaN5,,,
AsO2,,,
HgTe,,,
Tl2S3,,,
AgBi3,,,
TiBi2,,,
NO2,,,
GaBr3,,,
In2Te3,,,
Sn3Bi4,,,
As4C3,,,
Tl2Se3,,,
Si3Sb4,,,
GaAs,,,
VRh3,,,
Re2I7,,,
Tl2S3,,,
Tc2I7,,,
BaCl2,,,
GaBi,,,
Pb2O5,,,
InS,,,
AlBr,,,
Ga2O3,,,
Be2Bi,,,
Ca2Sb,,,
Sr2Sb,,,
Be2Sb,,,
GaTe,,,
B2O3,,,
In2O3,,,
TlTe,,,
InTe,,,
Ba2Sb,,,
BCl,,,
Sr2As,,,
BTe,,,
AlTe,,,
Mg2Bi,,,
AlF,,,
Ba2As,,,
Sr2P,,,
TlSe,,,
TlS,,,
Mg2P,,,
Ca2As,,,
Ca2N,,,
BSe,,,
GaS,,,
Mg2N,,,
Ba2N,,,
InSe,,,
Be2P,,,
AlCl,,,
AlSe,,,
AlS,,,
Al2O3,,,
BS,,,
Be2As,,,
BBr,,,
Mg2Sb,,,
BI,,,
Sr2N,,,
Be2N,,,
BF,,,
Ca2P,,,
Ba2Bi,,,
Ca2Bi,,,
Ba2P,,,
Sr2Bi,,,
O2,,,
C3N,,,
GaN,,,
LiB,,,
Ga,,,
Sb2Te3,,,
Dy2C,,,
HgBrN,,,
LiMg,,,
Al2Zn2S5,,,
VTe2,AFM,,
H3W,,,
TmTe3,,,
Ti2H2O3,,,
TiSe,,,
TbTe3,,,
DySb2,,,
SiNiSb,,,
CaCoSi,,,
CaSi3Ir,,,
Ca2CoO3,,,
Zn2Ga2S5,,,
BiS,,,
PbS,,,
SN,,,
Mg2Sn,,,
CoO2,FM,,
PdS2,,,
MnHO2,,,
NbS2,,,
P,,,
BC2N,,,
YMg2,,,
Al3Ru2,,,
TbMgNi,,,
TcCl3,FM,,
Zn3(GaS3)2,,,
RbMg6BO7,,,
Mn(GaS2)2,,,
Al2Zn2S5,,,
CdPb2(ClO)2,,,
IrC2,,,
NaMnSe2,,,
NbTe2,,,
HfTaNO3,,,
NbTe2,,,
SrMg2,,,
HoCoGe2,,,
Ho(CuS)2,,,
Zn(GaS2)2,,,
MgBi2,,,
FeHO2,,,
Ga,,,
P,,,
CaFeSO,,,
PbS,,,
Co(ClO3)2,,,
TiZn(BiO3)2,,,
CeI3,,,
PdN2,,,
Te2W,,,
LiMg2,,,
U2S,,,
TePt,,,
NbCl2O,,,
MgBi,,,
Sb,,,
Nb2CuS4,,,
Ca,,,
LuPb2,,,
LaTe3,,,
NdB4,,,
SiS2,,,
Mg(BrO3)2,,,
US3,,,
ZnSnO3,,,
NpSe3,,,
PrTe3,,,
Tb(CuS)2,,,
NdAl3Cu,,,
Mg2Sn,,,
LiH2N,,,
CaMg2,,,
PbSe,,,
Zn(ReO4)2,,,
Zn2Ga2S5,,,
CrTe4Au,,,
Mg6BC,,,
CoO2,AFM,,
CN2,,,
DyTe3,,,
Zn2Ga2S5,,,
NbS2,,,
CdNCl3,,,
ZrSn,,,
AlN,,,
NiHO2,,,
ErNiGe2,,,
SnO,,,
B13P2,,,
ZnMoO4,,,
RbHfMg6O7,,,
PbS,,,
FeO2,,,
LaClO2,,,
Ge,,,
HgNCl,,,
YZnPO,,,
LiBe,,,
GaTe,,,
Mn(InSe2)2,,,
BPt2,,,
Pt(NO3)2,,,
B,,,
Ni(ClO3)2,,,
MgSb2,,,
VTe2,,,
Cu2WSe4,,,
ReN2,,,
LaBiSe2O,,,
TaAlO4,,,
SnPS3,,,
Na2Cl,,,
SrMg2,,,
Co(SiSe2)2,,,
Mg3C,,,
ThSe3,,,
LiTl,,,
Tl2CuF4,,,
MgCuO2,,,
Se,,,
MgSb2,,,
ZnGeN2,,,
Mg5Ti,,,
V2CoO6,FM,,
Mg2Ti,,,
DyTe3,,,
SbS,,,
MgTi2,,,
BaFeS,,,
B2S2O9,,,
ZrCd,,,
TmTe3,,,
Pd(NCl)2,,,
CeMg2,,,
LiH2N,,,
LaAl3Cu,,,
In2Te3,,,
MgO2,,,
CrSe2,,,
ThGe2,,,
MgSn,,,
ScF3,,,
FeSe,,,
Pb,,,
MgTi,,,
YMg2,,,
ZrCl3,,,
YbCoGe2,,,
W2N3,,,
MoS2,,,
Al2FeS4,,,
ZrSiO4,,,
Te,,,
Al2ZnS4,,,
Bi2O3,,,
C3N,,,
Na2HfN2,,,
H2C2S,,,
CdO2,,,
SmGe2,,,
HfCd,,,
Tl2GeSe3,,,
YbCuPbSe3,,,
TeO2,,,
LiMnTe2,,,
MgSb3,,,
GeP,,,
TbGe2,,,
NaLi2As,,,
Mn(SbS2)2,,,
CeMg2,,,
MgTi,,,
CeSe2,,,
HfMg6BO7,,,
ZrN2,,,
TePb,,,
LaBiS2O,,,
Zn(OF)2,,,
Ta2PtSe7,,,
EuS,,,
CdClO,,,
LaMg5,,,
TiS2,,,
MgTi,,,
Nd2Te5,,,
TbGaI,,,
CeMg5,,,
Mo(BrO)2,,,
Y2C,,,
CuPb2(ClO2)2,,,
Al2Zn2S5,,,
Sr2GdS3,,,
RbLiMg6O7,,,
ZrS2,,,
Mn(AlS2)2,,,
YbCl3,,,
HfSiSe,,,
YI,,,
Mn(BiTe2)2,,,
Cd3As2,,,
Si(CO)2,,,
YMg,,,
SnS2,,,
KSnN3,,,
Ti3(HO2)2,,,
Bi,,,
LiMnSe2,,,
Al2ZnS4,,,
Sb2Te3,,,
PbS,,,
AlAgO2,,,
Al2ZnS4,,,
CaMg,,,
VS2,FM,,
NaI,,,
HoSI,,,
AgN,,,
MgTi,,,
EuGe3,,,
CdCl4,,,
As2Se3,,,
KPO4,,,
PdN,,,
NiS2,,,
Fe(BrN)2,,,
Tl2SiSe3,,,
HoBC,,,
HC,,,
NaMnTe2,,,
Ag2IO6,,,
Ti2Te2P,,,
BaMgSn,,,
MgTi,,,
Al(BiO2)2,,,
NaTi2HO5,,,
ZnO2,,,
Mn2Ga2S5,,,
VPS3,,,
CeSe2,,,
SiS,,,
Bi2Pt,,,
CdS,,,
PdCl2,,,
Al2Ru,,,
ThCo5,,,
Na2ZrN2,,,
Ca(NCl)2,,,
Zn2Ga2S5,,,
HfSiTe,,,
Bi2S2O,,,
VI2,AFM,,
SnPO3,,,
HoFeGe2,,,
FeBiO3,,,
Y(CuS)2,,,
HfTe5,,,
BaMgPb,,,
Ce(SbSe2)2,,,
Ni,,,
SrTa2O7,,,
SrFe2Se2O,,,
MgBi2,,,
In2Se3,,,
MgTi,,,
CaC2,,,
HoTe3,,,
Ag2SeO4,,,
HoTe3,,,
ZnSiN2,,,
TmSb2,,,
HgSBr,,,
LiC12,,,
Er2Mg2Ru,,,
C,,,
LuTe3,,,
HfTe3,,,
ZnO,,,
PbS,,,
Sr2N,,,
CaNiGe,,,
ZnBi,,,
MgSn,,,
MgSb,,,
Pb3N2,,,
Ca(BH)2,,,
Zn(GaS2)2,,,
PtSe2,,,
Al2Zn2S5,,,
Mg(InSe2)2,,,
NbF4,,,
CeMg,,,
LuTe3,,,
LaIO3,,,
Nb2PdS6,,,
CuSnAu,,,
MgSn2,,,
NiAgSe2,,,
CaBO3,,,
MgCoGe,,,
Mg2Fe,,,
Ca2SiO4,,,
Tl2Ge2S5,,,
SrCu,,,
Li2GeN2,,,
NdGe5,,,
Cu2BrO3,,,
NaB(SO4)2,,,
LaGe5,,,
Sn4Ir,,,
HfMg6Nb,,,
HgSeO4,,,
As,,,
V2H2O5,,,
YCoGe2,,,
H4W,,,
Ga2Fe2S5,,,
KUClO3,,,
TlCu3S2,,,
HfAl5Ni2,,,
LaMg2,,,
Ca(InN)2,,,
GaCuS2,,,
NaN3,,,
CaC2(SN)2,,,
Pr2BC,,,
ZnSiO3,,,
NiPSe3,,,
ErFeGe2,,,
ZrGeTe4,,,
GeTe,,,
Mg2Ti,,,
Dy(CuS)2,,,
CuS,,,
CeSe2,,,
Na2ZnS2,,,
SrFe2S2O,,,
Zn(GaS2)2,,,
SnS,,,
TbGe5,,,
NaEr(SO4)2,,,
MgSn,,,
LuSb2,,,
TiSCl,,,
YMg2,,,
ErSb2,,,
PrAl3Cu,,,
RbO2,,,
CaMg,,,
KRbMg6O7,,,
Al2Zn2S5,,,
PaP2,,,
GeS2,FM,,
Al2ZnS4,,,
MgGa2,,,
CeMg,,,
Sb,,,
Hg2GeO4,,,
SmGe5,,,
TiAgSe2,,,
Sn(NF)2,,,
Si2O,,,
TbCBr,,,
CaO,,,
IrI3,,,
Bi,,,
LiP3,,,
LaNb2O7,,,
MgSb,,,
YMg5,,,
TbCoGe2,,,
CuF2,,,
AuN2,,,
Br,,,
Ga2O3,,,
SmSi3Ni,,,
SrBiS2F,,,
NiTe,AFM,,
TiAgF6,,,
Li2AgSn2,,,
Mg2Rh,,,
LiO2,,,
CeAl3Cu,,,
UTl2O4,,,
RbHfMg6O7,,,
Tm(CuS)2,,,
TbSb2,,,
U(OF)2,,,
HgBr2,,,
Sr2Co(BrO)2,,,
HfGe2,,,
HfSe3,,,
RbHfMg6O7,,,
AgClO4,,,
UBrO2,,,
RbNaMg6O7,,,
YbCl3,,,
CeS,,,
SbTeI,,,
Mg6VC,,,
TiNF,,,
CoTe2,,,
Be2BO5,,,
Sn3F8,,,
P,,,
CuBr,,,
BiBrO,,,
SnPS3,,,
LaBrO,,,
MoSe2,,,
LiCoAs,,,
TiCuF6,,,
KH2N,,,
ZrGe2,,,
Zr2Te2P,,,
BiSe,,,
PbIF,,,
ZrTe3,,,
CrSBr,,,
Eu2ZnGe3,,,
YSb2,,,
Zn2SiO4,,,
Cu2Te,,,
YCl3,,,
GeS,,,
U4Te3O4,,,
PdSe2,,,
Cr3N2,,,
UI3,,,
Sr2Cu(ClO)2,,,
BaIF,,,
UPb2,,,
NiCl2,FM,,
CaSn4S9,,,
Np(OF)2,,,
TaNiTe2,,,
UTeP,,,
Zr3SO9,,,
LaSe,,,
DyCl3,,,
P2H4PbO4,,,
NiTe2,,,
Nb(SBr)2,,,
NbTe5Pd,,,
ZrCl,,,
ZrSiTe,,,
ThBrN,,,
As,,,
Sn(CCl)2,,,
AgN3,,,
KRbMg6O7,,,
LiBiO2,,,
LiAuF4,,,
BiTe,,,
ErCoGe2,,,
GeI2,,,
YS,,,
Bi2Se3,,,
RhCl3,,,
InSe,,,
TiBrN,,,
ErSeI,,,
Nb3GeTe6,,,
NbCrSe5,,,
PbI2,,,
Mn(HO)2,,,
KFe2Se3,,,
TeRhCl,,,
Pb(CO2)2,,,
V2PbO6,,,
NaSb5O8,,,
Hf3Te2,,,
Ca(AuF6)2,,,
Bi2Te2S,,,
SiP,,,
Sn(SbTe2)2,,,
AgClO2,,,
Sc2CCl2,,,
PbBr2,,,
CdWO4,,,
Sn3PO6,,,
UNCl,,,
Cd3P2,,,
Ta2AgF12,,,
ThIN,,,
CdCl2,,,
CuTe,,,
TbBr,,,
Se2O5,,,
NaN3,,,
Bi2TeO5,,,
Au2Se2O7,,,
Ag2IOF,,,
CeSe2,,,
PbBrCl,,,
AuI,,,
Tl4O3,,,
Te2W,,,
YCI,,,
Ge3Sb2O9,,,
NaNbCl6,,,
Mg2Si,,,
TeI,,,
NaMnAs,,,
Na2ZnCl4O3,,,
Mn2NiO6,,,
AuSe,,,
CaHBr,,,
NdI2,,,
Li2TeO3,,,
NdBrO,,,
Zr(IO3)4,,,
VPO5,,,
TaS2,,,
LiV2O5,,,
TiClO,,,
Sc7Cl10,,,
CuBr,,,
Hg2ClO,,,
P2O5,,,
CaMnGe,,,
TlF3,,,
LiV2O5,,,
GaTeCl,,,
Te4O9,,,
Sn4Pt,,,
BiS,,,
CoCl2,FM,,
Zn(InS2)2,,,
Nb(SeCl)2,,,
GaSe,,,
Sb2Se3,,,
ScSi3Ni2,,,
CaThBr6,,,
Sr3Co2Cl2O5,,,
InTeI,,,
RbMnAs,,,
Mn2Te3O8,,,
ZrIN,,,
KMnP,,,
MgI2,,,
ThI4,,,
ZrSe2,,,
Mg(AlS2)2,,,
ScCl,,,
Ga2FeS4,,,
TlRe3(Se2Cl)2,,,
K2RuBr6,,,
KNb3O8,,,
VCl3,,,
SbI3,,,
GaSeBr7,,,
Te4Pt3,,,
USe2O7,,,
TlBS3,,,
SiTe2,,,
AlClO,,,
HgI2,,,
UIN,,,
PtPb4,,,
Fe(SbS2)2,,,
PbO,,,
PtI2,,,
FeSi2,,,
Ce2O3,,,
Li2Te2O5,,,
LuSBr,,,
RbMnP,,,
Na4Br2O,,,
AlPd5I2,,,
CaH4SO6,,,
In4Se3,,,
CuCO3,,,
Ni2Te3O8,,,
FeCl2,,,
RbPbI3,,,
K2Hg3(GeS4)2,,,
In2O3,,,
Te2O3F2,,,
CaMg(SiO3)2,,,
CuHOF,,,
AgXeF9,,,
LaI3,,,
Sb2S3,,,
CuBiS2,,,
InClO,,,
Cu2SO4,,,
Te2Au,,,
BaTe2F10,,,
Pr2Br5,,,
BiTeI,,,
Sb2S2O,,,
CaHI,,,
K2MgCl4,,,
WSe2,,,
Ca(HO)2,,,
ErSCl,,,
Y2NCl3,,,
InAg(PSe3)2,,,
Sc2NCl2,,,
TbCl,,,
TlIn(PSe3)2,,,
InAg(PS3)2,,,
CaClF,,,
TiBrO,,,
Ge(Te2As)2,,,
MnBr2,,,
TiCl2,,,
GaS,,,
TaI2O,,,
LaBr,,,
MoCl3,,,
GaHO2,,,
Pb2O3,,,
Sr3Fe2Cl2O5,,,
SiAs,,,
Bi(TeBr2)2,,,
CrClO,,,
RhBr3,,,
GeAs2,,,
InSbS3,,,
RbFe2Te3,,,
VCl2,,,
CrI2,,,
NaClO4,,,
PbBrF,,,
TiIN,,,
Hf2CuGe4,,,
BiI3,,,
SnO,,,
Ca2Cu(ClO)2,,,
Mo2SBr2,,,
NaGaH4,,,
OsCl2O,,,
PbCN2,,,
Nb(SCl)2,,,
KFe2S3,,,
RbBrF4,,,
CuI,,,
GeAsSe,,,
LaI2,,,
CaAsH5O6,,,
AsO2,,,
Sr3Fe2Br2O5,,,
SrIF,,,
TaTe4I,,,
Pb5(SI3)2,,,
RbPaF6,,,
SrHI,,,
CaH4SeO6,,,
LiHO,,,
In4Bi2S9,,,
CeGe2,,,
Ge2Te5As2,,,
SnS,,,
TiNCl,,,
TiTe2,,,
GdBr3,,,
Na2PbO2,,,
SnPbF4,,,
Hg2IO,,,
DySI,,,
RbPSe6,,,
IrBr3,,,
V2O5,,,
Ba2N,,,
MnTeMoO6,,,
InBrO,,,
Nb2Te6I,,,
PbO,,,
Nb2Se3,,,
Ta2Te5Pd3,,,
SrH4O3,,,
NaSO2,,,
RuCl2O,,,
UBr4,,,
IO3,,,
CaPH3O4,,,
BiClO,,,
DySBr,,,
Zn3As2,,,
AlCl3,,,
NaFeAs,,,
Ca3Cu2(ClO2)2,,,
Bi9I2,,,
Nb2GeTe4,,,
HgI2,,,
TmIO,,,
NbO2,,,
InCu(PSe3)2,,,
Tl3BSe3,,,
NaTaCl6,,,
NiI2,FM,,
V2Pb3O8,,,
TeO2,,,
Te3Cl2,,,
CdBr2,,,
ReCl3,,,
ReBiO4,,,
SmBr3,,,
CuSbSe2,,,
LiCu(PO3)2,,,
BiPO4,,,
KPSe6,,,
Hg2P2S7,,,
LuHCl,,,
ZrCl2,,,
TaTe4Ir,,,
CuH2(SeO3)2,,,
SbF3,,,
BiIO,,,
CuHgSCl,,,
UBrN,,,
K4Br2O,,,
NdGe2,,,
TlPbI3,,,
LaCl,,,
K2Sb4S7,,,
MoNCl3,,,
SnF4,,,
InTeBr,,,
Cd(IO3)2,,,
Si(PbSe2)2,,,
CaMnSi,,,
SnI2,,,
Nb3Cl7,,,
As2SO6,,,
MnAlGe,,,
MnI2,FM,,
Ca2N,,,
TiSe2,,,
TiS2,,,
BiTeCl,,,
TiBr2,,,
MgCl2,,,
SmS,,,
ScHCl,,,
Bi,,,
ThI2,,,
Te2Rh,,,
Ge(BiTe2)2,,,
NiBr2,FM,,
VClO,,,
InBi,,,
Y4CI5,,,
MnCl2,,,
Mg(AlH4)2,,,
ZrSe3,,,
ErHCl,,,
WS2,,,
CuBr2,,,
MnO2,,,
ZrP2(HO3)2,,,
TbCl3,,,
MgMnGe,,,
CrHO2,,,
InSe,,,
Te2Ir,,,
Al3Ir,,,
SrBrF,,,
InGaS3,,,
Eu(CdP)2,,,
TlI,,,
ZrNCl,,,
Y6C2I7,,,
Nb3SBr7,,,
AgI,,,
BiSe,,,
CrBr3,,,
AlO2,,,
Xe(OF)2,,,
As2O3,,,
TlF,,,
ZrNCl,,,
AlO2,,,
TlF,,,
IrCl3,,,
Sr4Mn3(ClO4)2,,,
YBC,,,
As2O3,,,
NdBr3,,,
GaSe,,,
GaSe,,,
Tl2O3,,,
MoO3,,,
Nb3TeCl7,,,
Y2Cl3,,,
YBC,,,
RbC2,,,
ZnH2SeO4,,,
SbAsO3,,,
MoO3,,,
PPdS,,,
PAuS,,,
AgI,,,
Sr(BiO2)2,,,
B2S3,,,
SrThBr6,,,
Bi(PdO2)2,,,
PAuS,,,
CdP2(HO)4,,,
Ta2Se,,,
Sn2IF3,,,
BaThBr6,,,
Na2Cl,,,
TiBr3,,,
FeMoClO4,,,
As3(HO2)5,,,
CaP2(HO)4,,,
HfS3,,,
BiOF,,,
HgPS3,,,
Zr2CuGe4,,,
FeSn2(CN)6,,,
LiV(OF)2,,,
BaTl(SnO3)2,,,
TiO2,,,
Pr2I5,,,
VOF2,,,
RbC2,,,
MgBr2,,,
ZnPS3,,,
ZnTeMoO6,,,
TaCoTe2,,,
Ta2NiS5,,,
LiCuCO3,,,
SbO2,,,
Mg(IO3)2,,,
I2O5,,,
PuBr3,,,
Ca3Cu2(BrO2)2,,,
Sb4Br2O5,,,
DyZnPO,,,
Tl2Sn(AsS3)2,,,
HfS2,,,
Zn(HO)2,,,
CrCl3,,,
NaInBr4,,,
Te4MoBr,,,
Zr(MoO4)2,,,
SrBi5O9,,,
Nb3TeI7,,,
AgIO3,,,
Cr2SiO4,,,
LiCuCO3,,,
NbNiTe2,,,
ZrBrN,,,
ZrTe5,,,
Re(TeCl6)2,,,
TlInS2,,,
Sb2Te4Pb,,,
Ta4AgS8,,,
Si2Hg6O7,,,
Co2Te3O8,,,
SrThBr6,,,
ZnTeMoO6,,,
Li2MnF6,,,
AgSb2F12,,,
CrBrO,,,
Ag2S,,,
Li2UBr6,,,
Ta3Te14Pd3,,,
YFeF5,,,
La2PBr2,,,
Fe4Cu2S7,,,
Mg(IO3)2,,,
MgSb2O5,,,
LiV(OF)2,,,
BiBr3,,,
Rb2O,,,
BaTl(CoO3)2,,,
Nb2CS2,,,
Bi2P4O13,,,
Ba2Bi3O7,,,
SbTe,,,
Rb2Sn(H2N)6,,,
PrBrO,,,
RbPbF3,,,
KH2I3O,,,
SiO2,,,
Ba2Mn3O8,,,
Ag2CO3,,,
NiC2(SN)2,,,
SiBi2O5,,,
SnPHO4,,,
TbH2Br,,,
BiTeIO3,,,
FeHO2,,,
CrSbO4,,,
Nb3SiTe6,,,
HoBrO,,,
Mn(CoO3)2,,,
Sr2MnClO3,,,
Hg2MoO4,,,
LiBH4,,,
VO2,FM,,
TmBrO,,,
Ba2TiO4,,,
MgSnF4,,,
BiSe,,,
FeClO,,,
Ti(WO4)2,,,
PuI3,,,
BaCuReO5,,,
LiCuCO3,,,
V4Ag2O11,,,
TiCl3,FM,,
ZrH3NF4,,,
NaH4IO2,,,
Ni(IO3)2,,,
Ba2Sb2O5,,,
BaCuSbO5,,,
FeO2,,,
TlVO3,,,
Ti(CoO3)2,,,
Sb4Cl2O5,,,
Ta4AgS8,,,
ReSe2,,,
ZrIN,,,
CrPO4,,,
BaThBr6,,,
NdTe3,,,
TlP5,,,
RbAsO2,,,
Ca(BiO2)4,,,
AgHgSBr,,,
MgBi2O5,,,
MgSb2O5,,,
Al2CdCl8,,,
TlAsS2,,,
BaNiF4,,,
Ti3H2O7,,,
U(HO2)2,,,
NaAu(SO4)2,,,
B3C10N3,,,
CaCr2F12,,,
CdP2H6O7,,,
Sb2TeSe2,,,
BaCuWO5,,,
ZrTe2Br5,,,
CdCN2,,,
NbSe2,,,
Mn(HO)2,,,
Lu4B3C4,,,
BaCaI4,,,
AuClO2,,,
HoSb2,,,
Te3(PdBr)4,,,
TiCo3O8,,,
Nb2VZn2O8,,,
ZrTiTe4,,,
Hg2SO4,,,
Tl2SnS3,,,
Nb2Te4Cl10O,,,
Mn3SbO8,,,
CdBiS2Cl,,,
InSb2Se4Br,,,
Ti2ZnO5,,,
LiCu2F5,,,
AuCClO,,,
Sc2Te5O13,,,
Y7C3I6O,,,
CrCu(PS3)2,,,
Te6Br2O11,,,
BaTl(SnO3)2,,,
VOF3,,,
HgI2,,,
Zn2In2S5,,,
Bi2O3,,,
BaCaI4,,,
PbWO4,,,
TlSbO3,,,
NbTlBr4O,,,
InSb2S4Cl,,,
Fe4Cu2S7,,,
FeWClO4,,,
Si3Bi2O9,,,
GeTe,,,
SnBrF,,,
SbOF,,,
TiPb9O11,,,
UTeO,,,
Ba2Ti3O7,,,
Bi2PbSe4,,,
HgINO3,,,
Zn(InS2)2,,,
TiBi2O5,,,
Lu2Te5O13,,,
MnSb2F12,,,
Zn2Ag2O5,,,
TiV2CrO10,,,
Sc2Te5O13,,,
Mg(SbO2)2,,,
C,,,
Ba2LiN,,,
Li3Fe2F9,,,
Ti3H2O7,,,
CoTeO4,,,
Fe(PS3)2,,,
Re3Se4Cl,,,
ZnBi2O5,,,
Ga2Fe2S5,,,
Sb2WO6,,,
VTeO4,,,
PuIO,,,
Sb4O5F2,,,
ReS2,,,
K(MoO3)3,,,
Ti3H2O7,,,
MgCl2,,,
KCrClO3,,,
TaF5,,,
CdHClO,,,
Cr2S5,,,
Mn2F7,,,
VOF3,,,
Sr2CrCu2O7,,,
CrAgSe2,,,
LiTeO3,,,
H2WO4,,,
Zn2W2O5,,,
Zn(SbO2)2,,,
CoSe,,,
AuSe,,,
Bi2O3,,,
Mg2Mo3O8,,,
Ca(SbO2)2,,,
Mg2Al2Se5,,,
Y2Te5O13,,,
Mg2Ag2O5,,,
CaP(H2O3)2,,,
Ta3Te14Pd3,,,
Bi3Se4,,,
Sr3Co2S2O5,,,
Fe(HO)2,,,
Zn2SeCl2O3,,,
VZnF4,,,
Ti3H2O7,,,
Be(BC)2,,,
TiO2,,,
InBr3,,,
Li2BiO3,,,
Sb2P3(HO3)3,,,
ZrPbF6,,,
CuHgSBr,,,
Lu2Te5O13,,,
V2Re2O11,,,
Sb2Te2Se,,,
CuBiO2,,,
FePS3,,,
MoO3,,,
Mg3P2(HO)16,,,
Ta3(OF)5,,,
Nb2TlPS10,,,
BiPPbO5,,,
HoTe2ClO5,,,
NaBF4,,,
Cr3Sb5O16,,,
Zn,,,
Si2H2O5,,,
CaP2H6O7,,,
Mg3Si4(HO6)2,,,
NiP2,,,
GaS,,,
Y2(CuO2)3,,,
Si2O5,,,
CrCuO4,,,
MgPSe3,,,
MoN2,,,
Cd,,,
Zr3(Al2C3)2,,,
Zn2Co3O8,,,
NbV3O10,,,
RuF4,,,
IClOF,,,
K2CoSe2,,,
CoAsS,,,
Sr2Cu2NiO7,,,
SrCuBiO4,,,
Mg(BH4)2,,,
CuCClO,,,
Mn5O9F,,,
LiH2NO3,,,
Tl2O,,,
Cr3O8,,,
Si2H2O5,,,
TlSbO3,,,
InTeO3F,,,
Ba2Ni3O7,,,
SbO2,,,
Sr2CoSO3,,,
HgIBr,,,
Co2SbO6,,,
Sn3(P2O7)2,,,
Hg3Au,,,
Bi4O5F2,,,
Ca(BiO2)4,,,
Tl2S,,,
Ga2Te3,,,
SmGa2Co,,,
RbPbF3,,,
K2U3(IO5)4,,,
Ge3(Te3As)2,,,
Mn(CoO3)2,,,
LaPb6BrO7,,,
Pb(ClO2)2,,,
La2(BiO2)7,,,
AgBiO2,,,
Zn2Cr3O8,,,
Mg3(HO2)2,,,
BaYSn4O7,,,
NbSe3,,,
KH(CN2)3,,,
Mg(AlSe2)2,,,
BaV4O8,,,
MgPS3,,,
MnCoO4,,,
Ca(SnO2)2,,,
VCl2O,,,
CaTi4O9,,,
Li4Co(PO4)2,,,
Ti3H2O7,,,
Mn(PO4)2,,,
CrSiTe3,FM,,
TlFeSe2,,,
KB(CO2)4,,,
HfSnO3,,,
Nb2CrO8,,,
VF4,,,
TiOF2,,,
Na2H6PtO6,,,
CaSb2O5,,,
LiCuO,,,
LiAg(CO2)2,,,
KV4O10,,,
Ta2TiZn2O8,,,
PtS2,,,
MgMn2O5,,,
CrTe3,FM,,
Li4VF8,,,
S(IO3)2,,,
BaAlSn4O7,,,
Bi2Pb2Se5,,,
Ca3Zn,,,
Li2P4WO13,,,
SmH2ClO2,,,
LiCoPO4,,,
Ba2Tl2CuO6,,,
YGe3,,,
Sb5O7F,,,
TlRe6Se8Cl3,,,
LiVF4,,,
SbPO4,,,
ZnCu(SiO3)2,,,
Re2O7,,,
GaGeTe,,,
FeCoO4,,,
SrLaBr5,,,
TcO3F,,,
LiFeP2O7,,,
Li2V(PO4)2,,,
SrLaI5,,,
BaTl(CoO3)2,,,
AlBMo,,,
CrO2,,,
Li2Cr3(CO3)6,,,
SrH2O3,,,
LiRe(OF2)2,,,
CdSbS2Cl,,,
MoCl2,,,
InCu(MoO4)2,,,
V2ZnO5,,,
TePdI2,,,
LiVF4,,,
VZnO2,,,
LiMnPO4,,,
AgO2F,,,
CeBiS2O,,,
PtO2,,,
SbClO,,,
ZnNi2O5,FM,,
MgFe4O9,,,
SbPO4,,,
ZrBrN,,,
Ta2CrO8,,,
Mn2F5,,,
Li2VO2F,,,
Mg(HO)2,,,
CaO2,,,
SnHC2O3,,,
Sr4As2O,,,
LiVO3,,,
HgPSe3,,,
Hg2WO4,,,
CuBi(PSe3)2,,,
K2PAuS4,,,
V2Te2O7F2,,,
U(BO3)2,,,
FeF4,,,
LaHBr2,,,
Au2Se3O10,,,
TaNi2TeSe,,,
Li6Br3N,,,
Li3SbS3,,,
SrH2(SeO3)2,,,
Y2Mn2S2O5,,,
SrP2(H2O3)2,,,
ZnSnO2,,,
Bi4Te2Br2O9,,,
BN,,,
Li2VF6,,,
Sb(MoO4)2,,,
Zn2In2S5,,,
Sm(AlCl4)2,,,
BaSbSe2F,,,
CaGeO3,,,
Si2Ag6O7,,,
Li2VF6,,,
TaAsO4,,,
Hg3SO6,,,
Mg(Mo3O8)2,,,
KRe2O4F7,,,
TmFeGe2,,,
Eu(ReO4)2,,,
VSe,,,
CuSe2Cl,,,
Tl2GeS3,,,
Li2Fe(PO4)2,,,
TeMoCl7O,,,
RbReSO3,,,
InH5(NF)2,,,
CdSb2Se3Br2,,,
Mg(SbO2)4,,,
Fe3OF7,,,
Ta2MoO8,,,
LiVF6,,,
MnPS3,,,
V2ZnS5,,,
Bi7(S3Cl)3,,,
K5NO4,,,
LiCuO2,,,
Pr(ReO4)2,,,
Ta2O5,,,
FeI2,AFM,,
ScBrO,,,
W2O5,,,
TiS3,,,
Hf(Te2Cl3)2,,,
YCBr,,,
BaP2(HO)4,,,
CuBrO2,,,
SnGeS3,,,
GeClF,,,
Te3As2,,,
Tl(IO3)3,,,
Te2Pt,,,
MgSb2O5,,,
YIO,,,
MnBiSe2I,,,
CoSb2Br2O3,,,
Li2Mn(PO4)2,,,
Ba(BSe3)2,,,
Ba2Tl2CuO6,,,
Ta2PdS6,,,
AgGeO3,,,
Hf3(Al2C3)2,,,
Li8Cr3TeO12,,,
AgCSN,,,
Ta2WO8,,,
PbWO4,,,
TaSe2,,,
Li4Ni(PO3)6,,,
CoO2,AFM,,
Cd(HO)2,,,
MnO2,,,
Sb,,,
FeOF,,,
Zr2Al4C5,,,
Bi2Te5Pb2,,,
Zn(SnN)2,,,
CuBrO2,,,
NbI2O,,,
LiFeF4,,,
K2Ca(NO2)4,,,
ZrAl5Ni2,,,
AlNiF5,,,
HfBrN,,,
HgC2(SN)2,,,
Ca(ClO2)2,,,
CrPS4,,,
AgCNO,,,
Ni(ClO4)2,,,
Te(HO2)2,,,
Sm2(PPt2)3,,,
Ba2Ti3O8,,,
Tl2Pt(CN)4,,,
Nb3IrSe8,,,
CaBi2O5,,,
V2O5,,,
Sn(WO4)2,,,
LiCu(PO3)3,,,
NbS3,,,
SrH9ClO5,,,
Ge3(BiTe3)2,,,
CdSbS2Br,,,
Ag2S,,,
In2Te5,,,
Bi3O2F5,,,
Sb(WO4)2,,,
Ba4As2O,,,
MoPO5,,,
KAsO2,,,
CaGe2WO6,,,
SmIO,,,
Cu3Te2(BrO3)2,,,
CaBiClO2,,,
AlF3,,,
Ca3SiBr2,,,
Te2Pd3Pb2,,,
LiTeHO4,,,
Tb5Br8,,,
HAuO2,,,
Mg(BiO2)2,,,
LiCuO2,,,
CoS2,,,
FeOF,,,
CuH6BrN2,,,
BiO2,,,
Li2UO4,,,
Mg(SnO2)2,,,
TmMg5,,,
LuBiO3,,,
VPbClO3,,,
VO2F,,,
CuAgO2,,,
CuCN2,,,
KBi2F7,,,
CaTlCl3,,,
Ba(CoO2)4,,,
Ce4C2Br5,,,
Hg3AsS4Br,,,
VF4,,,
CrF2,,,
CrPO5,,,
Al2Os,,,
LiVF5,,,
Sr2GaNi2O7,,,
Ga2NiS4,,,
Bi2Pd,,,
V3OF11,,,
FeS2,,,
Ta2Te3,,,
TiMn3O8,,,
Fe2C2O7,,,
La4C2Br5,,,
SmSI,,,
BiTeBr,,,
TiSnO3,,,
BaSb2F12,,,
PbF4,,,
LiMn7O7F,,,
Zn2CrN2,,,
HoS,,,
BaLaCl5,,,
SmTe3,,,
Te3SeO8,,,
Bi2Rh3S2,,,
Mn3CrO8,FM,,
Co(ReO4)2,,,
CrP2S7,,,
Ba2Cr3O8,,,
Y2GeI2,,,
Yb3(SF2)2,,,
BaCr4O8,,,
CuS2,,,
LuSBr,,,
Al(HO)3,,,
VS2,AFM,,
TiO2,,,
BaLaBr5,,,
Mg2H2O3,,,
AgAuCl4,,,
Pr4C2Cl5,,,
Sr2Cu(BrO)2,,,
Co(HO)2,,,
MnPSe3,,,
ZnGe2WO6,,,
V2CuO6,,,
Al(HO)3,,,
CeBrO,,,
TeHO3,,,
VINCl3,,,
Li2Cr2O7,,,
S(IN)2,,,
LiP(HO)2,,,
PrBrO,,,
U2Te5,,,
TiMn2O6,,,
Mg2Sn3O8,,,
LiCuF4,,,
AgTeO3,,,
NaB(CO2)4,,,
CdI2,,,
CaP2(H2O3)3,,,
Fe3Se4,,,
Hg3As,,,
Bi2Te3,,,
Bi2OF4,,,
Mg(SnO2)2,,,
La2Si(IO2)2,,,
NiPS3,,,
FeP3(H2O3)3,,,
ZrBr,,,
K2Bi3F11,,,
Li2(FeO2)3,,,
BiSbO3,,,
SnSO4,,,
Ca2CoO3,,,
BaH9IO5,,,
Mn2CrO6,FM,,
Co(IO3)2,,,
Mn2CoO6,FM,,
V2NiSe4,,,
Nb2SiTe4,,,
HfSe2,,,
HfTe2,,,
LiCu3F10,,,
Sr2CoO3,,,
V3H5O8,,,
FeCl3,,,
Ca(SnN)2,,,
Zr2HBr2,,,
Ta2MnZn2O8,,,
Cu(IO3)2,,,
CuO2F,,,
TlBrO3,,,
PtI4,,,
Sc(IO3)3,,,
ZnSnO2,,,
EuIO,,,
MgNiP2O7,,,
Ba2Ni3O8,,,
Hg,,,
Ba2Mn3O7,,,
TiF4,,,
AgO2F,,,
Ta4Co2PdSe12,,,
AgClO2,,,
Sc5Cl8,,,
W3O8,,,
Ti(FeSe2)2,,,
Zn(SbO2)4,,,
SnSO4,,,
Bi2Se3,,,
TiO2,,,
TlPd2Se3,,,
TmBrO,,,
LaP3H8O7,,,
MgCl2O,,,
MgSiO3,,,
Cr(CoO3)2,,,
Bi2Te2S,,,
CaSnS3,,,
Mo3O8,,,
Co2C2O7,,,
DyCoSi2,,,
TlV3(SeO6)2,,,
ZnSnO2,,,
Si2H2O5,,,
GePt,,,
LiMnPO4,,,
Li2Cu2F5,,,
Cr3O8,,,
Mn(IO3)2,,,
LuBrO,,,
Sb4I2O5,,,
AuBrO2,,,
InSiTe3,,,
GeSe,,,
Sr2Co(ClO)2,,,
CuGe2P3,,,
W3Se2ClO8,,,
CrHO2,,,
Ca2Bi10O17,,,
BaH4O3,,,
Sn2SbS2I3,,,
YBr3,,,
RuCl3,,,
LaO3,,,
H3Pt,,,
Li2V3(CO3)6,,,
AlP,,,
BiO2,,,
Ca3(HO3)2,,,
CuO2,,,
VCl2O,,,
Ba2Tl2W3O10,,,
Na2FeO2,,,
InPbCl3,,,
RbCrClO3,,,
TaSe2,,,
TiSn(PO4)2,,,
MoF4,,,
Bi2TeSe2,,,
SrTcN3,,,
V3(HO2)4,,,
Li2Nb(PO4)2,,,
AsAuO3,,,
AlSiTe3,,,
Fe(CoO3)2,,,
FeS2,,,
TaSe3,,,
Ge2Sb2Te5,,,
BeF2,,,
Al2SnCl6O,,,
FeTe(PO4)2,,,
FeO3,,,
Cu2WS4,,,
CaSb2O5,,,
CrBr2,FM,,
Si(HgO2)2,,,
Cu2BiAsO6,,,
Tl2Te2O5,,,
Ca3SiBr2,,,
UCO5,,,
Zr(MoO4)2,,,
MoO3,,,
TlFeS2,,,
TlW2(Cl3O)2,,,
CaCr4O9,,,
GdZnPO,,,
NdZnPO,,,
CoBiO3,,,
CoTeMoO6,,,
Sr3Fe2S2O5,,,
Li3V(OF)2,,,
Cu2As4S3Cl2,,,
VBr2O,,,
Sr(ClO2)2,,,
Mg(ReO4)2,,,
NpBr3,,,
LiV(OF)2,,,
CuO2F,,,
Er2Te5O13,,,
Ba3In2Br2O5,,,
FeTeBr7,,,
Tl4SnS3,,,
ZnSb4O9,,,
MgGeO3,,,
Ca(SbO2)4,,,
MgBi4O9,,,
Li3MnP2,,,
GaAg(PSe3)2,,,
W3O8,,,
BaH2O3,,,
SbP2O7,,,
Ni(HO)2,,,
CaHClO,,,
HfNCl,,,
TiNiO3,,,
KH4O2F,,,
Sr2Cu(BiO3)2,,,
LiFe2C2O7,,,
Tb2C,,,
ScBrO,,,
Gd2CF2,,,
Bi,,,
WO2,,,
V2CdO6,,,
Nb3IrS8,,,
Mo2HO6,,,
NaAsO2,,,
MgCr4O9,,,
LiVOF3,,,
GeTe,,,
SrBr3,,,
AuBr,,,
LiFeO2,,,
UF6,,,
Fe(CO3)2,,,
LiMnF4,,,
V2Cu2O7,,,
CaLaI5,,,
BeCrO4,,,
La2PI2,,,
Mn(CO3)2,,,
CoH6(SeO4)2,,,
Zn(InS2)2,,,
GeAs,,,
SiH2O,,,
CuTeO4,,,
CdTeMoO6,,,
U(HO2)2,,,
AgI2,,,
In3Te4,,,
CoPS3,,,
MnNb2Zn2O8,,,
Rb2Hg2PdCl8,,,
CuH2(CO2)2,,,
MgSnO2,,,
TiTlPS5,,,
TiCd,,,
Cr(CoO3)2,,,
Sr2TiCu2O7,,,
YWF5,,,
SrH4(SO4)3,,,
Nb2TeO8,,,
MnSbSe2Br,,,
ZrNCl,,,
HfBrN,,,
DyBC,,,
Sr2FeSO3,,,
HoBrO,,,
Cd3Se3O10,,,
SrCO3,,,
GaPS4,,,
Ca2FeClO3,,,
BSbO3,,,
BaTl(NiO3)2,,,
YNiF5,,,
LiAgF4,,,
PPdSe,,,
BaTaCuO5,,,
Ba3BPO7,,,
Ti(BiO3)2,,,
LiMnCr2O6,,,
Fe4S5,,,
TlF,,,
MgV2O6,,,
Ag2Se,,,
UTeN,,,
NdTe2Se,,,
Ta2Zn2FeO8,,,
CaCoO3,,,
TmClO,,,
AgClO2,,,
Sn3(HO2)2,,,
LiNiPO4,,,
Ta2Zn2CoO8,,,
V3Fe3(TeO8)2,,,
Ga2Os,,,
SrTa2Bi2O9,,,
MgMn4O9,,,
Li4V(TeO4)3,,,
VH2O3,FM,,
Ca2Bi10O17,,,
Tl2PAuS4,,,
H2PbO2,,,
LiSnPO4,,,
LiMnF4,,,
Al2Si2H4O9,,,
Mo3O7,,,
ZrI2,,,
SmZnPO,,,
Li2H2Pd,,,
LiV2OF7,,,
BaY3Br11,,,
Ca(TiS2)8,,,
Ca(HO)2,,,
Tl(MoO3)3,,,
MoN,,,
V4ZnO10,,,
CaH6C2O7,,,
LiAsO3,,,
Th(TeI)2,,,
Na(SnAs)2,,,
Sr(AlCl4)2,,,
MgCr2O5,,,
HfGeTe4,,,
HgH2NCl,,,
Sr2Cu2BiO7,,,
Si(PbS2)2,,,
MgCl2,,,
MgGe2WO6,,,
Hg3AsSe4Br,,,
CdHgAsBr,,,
Se2Cl2O5,,,
NaCdPO4,,,
Li2Fe2Si2O7,,,
LiMnF3,,,
Cu3OF5,,,
PrS3,,,
TeI,,,
LiCuO2,,,
K(SbSe2)2,,,
Cr4O9,,,
ZnCo2S5,,,
VOF,,,
NbBi7O13,,,
YTiF5,,,
MnBiS2Br,,,
Li2Nb4O11,,,
Ag(TeMo)6,,,
FeCo3O8,,,
MgMo2O5,,,
YCl,,,
Sb2TeSe2,,,
In2GaBiS6,,,
NdS3,,,
CdPS3,,,
Si3Mo,,,
SbBrO,,,
WF5,,,
Hg(BiS2)2,,,
NaBH8O7,,,
Fe3P2(HO)16,,,
Tl2Ni(CN)4,,,
VOF3,,,
VAg(PSe3)2,,,
Mg(AgO2)2,,,
Nb2WO8,,,
LiWCl6,,,
SiH,,,
ZnCl2,,,
I,,,
SnSe2,,,
ZnI2,,,
CaI2,,,
Ba2Co3O8,,,
YClO,,,
LiFeAs,,,
TiOF,,,
SbF5,,,
HfTeSe4,,,
AlHO2,,,
AgCNO,,,
NbIrS4,,,
KNO3,,,
Cr3Te4,FM,,
MoF5,,,
CaTi2O5,,,
USe3,,,
PbBrCl,,,
Lu2CCl2,,,
NbBr2O,,,
CuHO2,,,
CoH2SeO4,,,
LiCo5O5F,,,
LiFeF4,,,
NiO2,,,
Ca(Bi2O3)2,,,
ScPS4,,,
MoP4O13,,,
Al2O3,,,
Ge4Te7As2,,,
C3N4,,,
TaTe2,,,
MgW2O5,,,
ErCoSi2,,,
YBrO,,,
AgNO3,,,
AlSbO3,,,
VSe2,FM,,
Hg3AsS4Cl,,,
NbOF2,,,
As2Se3,,,
TiNbS4,,,
Fe(CoO3)2,,,
NaSbO2,,,
Mn2FeO6,FM,,
LiMnF5,,,
Sr(SnAs)2,,,
V6O13,,,
BiF4,,,
AgBiSCl2,,,
Mo(WO4)2,,,
LiVSiO4,,,
FeP4,,,
Hf2Al4C5,,,
Zn(SbO2)2,,,
V2MoO8,,,
BaMn4O8,,,
Sr3Nb4O13,,,
PbClF,,,
SbF5,,,
AlSnF5,,,
InGeCl3,,,
Fe3(O2F)2,,,
Mo3O8,,,
PrTe2Se,,,
TcS2,,,
CuBiSCl2,,,
ZnGeO3,,,
P2WO8,,,
Mg3(HO3)2,,,
P4WO13,,,
Zn3(InS3)2,,,
GeWO4,,,
P2Pd3S8,,,
AlBiO3,,,
GdBrO,,,
Mg2Te3O8,,,
Sr2Cu2O3,,,
WF4,,,
CrS2,,,
B2(CN2)3,,,
SmBrO,,,
AuO2F,,,
Ca3Pb3I14,,,
MnOF,,,
Zn(AsO2)2,,,
SnSe,,,
Na2Hf(HO)6,,,
Hg3(BO3)2,,,
BaTi4O8,,,
CdBiS2Br,,,
RbV4O10,,,
Li2MnP2O7,,,
PrIO,,,
AgClO2,,,
MnCSO7,,,
LuIO,,,
LiB(HO2)2,,,
Nb2Te3,,,
V2S5,,,
Ni(PS3)2,,,
Bi14Te13S8,,,
KV3(SeO6)2,,,
FeHO2,,,
Bi2Te2Se,,,
YbBrO,,,
As2S3,,,
SbN9,,,
LuH2ClO2,,,
LiSnCl3,,,
SrTa2H2O7,,,
Fe(Si2O3)2,,,
V3O7,,,
W(OF)2,,,
Bi2Te2WO10,,,
LiVCuO4,,,
LiVF3,,,
YMnF5,,,
CeBrO,,,
CuO2,,,
LiFePO4,,,
Zn2Te3O8,,,
Sr2Mn2GaO7,,,
TlInS2,,,
MnS2,FM,,
Ba2Co3O7,,,
GdSI,,,
As3HO6,,,
KBi(PSe3)2,,,
VO2,FM,,
Ta2TeO8,,,
YBrO,,,
C3N4,,,
Ti3H2O7,,,
Bi2SeO5,,,
Hg3Se4O5,,,
Te2SO7,,,
ZnP2(HO)4,,,
LiVBO4,,,
CdCu2O3,,,
FeBiSbS4,,,
YTe3,,,
NbFeTe2,,,
V2O5,,,
CuTe2Cl,,,
SnPO3F,,,
AgI,,,
Ca2Cu(BrO)2,,,
NiTeO4,,,
V2H3O5,,,
YbSi2Ni,,,
InSb2S4Br,,,
Sn(PO3)2,,,
Ba(FeO2)4,,,
AlTeCl7,,,
Cu3Se2(ClO3)2,,,
LiNiPO4,,,
NbNiTe5,,,
LiVF5,,,
Ca3Fe2Cl2O5,,,
Mn2FeO6,FM,,
SbO2,,,
Zn(BH4)2,,,
V(WO4)2,,,
ZrSiSe,,,
AlHO2,,,
BiBr3,,,
TeO3,,,
Si3Ir,,,
Co3TeO8,,,
Ag2SO4,,,
LiSO3F,,,
HoH2ClO2,,,
Ti(GaO2)4,,,
MnAs2F12,,,
Al(HO)3,,,
Mg5Sc,,,
Li2CuF5,,,
Mg2Ni3O8,,,
Ba2YI7,,,
BiMoO5,,,
Sr2CrSO3,,,
Li2Cr2O7,,,
VO2F,,,
TiGeTe6,,,
LiCu2(CO3)2,,,
NaHO,,,
Ni(HO)2,,,
BiS,,,
CuO,,,
Al(HO)3,,,
SnGe,,,
NbCoTe2,,,
NaClO2,,,
MoO2,,,
Mg2As,,,
ErClO,,,
SiP2,,,
Hg3AsSe4I,,,
Ag2Bi2S3Cl2,,,
WO2,,,
Li2CeP2,,,
NdIO,,,
SrTiSi2O7,,,
Co3NiO8,,,
Ba2TlNi2O7,,,
Fe3S4,,,
ZnCr2S5,,,
AgHO2,,,
InTeCl,,,
Cr(OF)2,,,
Sr2TaCu2O7,,,
VOF3,,,
ZnSe,,,
AgSbS2,,,
FeBiO3,,,
BSbO3,,,
CaSn2F6,,,
Cu2HgI4,,,
Mg4H2O5,,,
NaAsH4O5,,,
CaB2(HO)8,,,
ZnS,,,
NaSbF4,,,
Li2NiO2,,,
LiVF4,,,
MnSbSe2I,,,
CuSe2Br,,,
Hg4AsI5,,,
MnSbSe2Br,,,
K2S5,,,
NbOF3,,,
Nd2BC,,,
CoI2,AFM,,
Cr(PO4)2,,,
FeCuS2,,,
Al(HO)3,,,
YbH2ClO2,,,
MnSbS2Cl,,,
VOF3,,,
CaPbI4,,,
CrOF,FM,,
In3SbTe2,,,
LiAuI4,,,
CrSe,,,
Sb3Pb,,,
AgBrO4,,,
LiCrSiO4,,,
CoBr2,FM,,
InSnCl3,,,
YbI2,,,
CrGeTe3,FM,,
SrH4O3,,,
SmIO,,,
SbTeClO3,,,
TiO,,,
CuHO2,,,
CuI,,,
CrBiO4,,,
SrH4(ClO)2,,,
Nb2ReO8,,,
BiP(PbO2)4,,,
Mn3Co2Te3O16,,,
Cd(PO3)2,,,
Ba2Tl2Co3O10,,,
ZnSeO3,,,
Ta2Se3,,,
TmClO,,,
Al2Te3,,,
LiFeSiO4,,,
Al2Te5,,,
MnH2SO4,,,
Rb2Bi3F11,,,
TaNiTe5,,,
NaClO2,,,
GaTeI7,,,
BN,,,
Sr2Cu2SbO7,,,
Mn3F8,FM,,
KBi2F7,,,
Ni2SbTe2,,,
TiZn(GeO3)2,,,
AsSeI,,,
TcSO6F,,,
Er6I7,,,
Sr,,,
B2TeO5,,,
LiAgF2,,,
LiV3(TeO6)2,,,
CuHO2,,,
Al2O3,,,
Tm2Te5O13,,,
CuSe,,,
Tl2Cu3(SeO3)6,,,
Er(ReO4)2,,,
ZnW2O5,,,
Sr2MnSO3,,,
Re2NiO8,,,
Dy2(BiO2)7,,,
NaBi5O8,,,
SbPb2S2I3,,,
LiMn2F9,,,
BaTi2TlO6,,,
Ca3SiBr2,,,
NpIO,,,
TmI2,,,
Li2Cr3O6,,,
CaZn2(PO)2,,,
Sr2Cu(IO)2,,,
Ba2V3O8,,,
LiFe2O2F3,,,
MgCo4O9,,,
CdCl2,,,
P2Pb3O8,,,
Bi6B10O21,,,
FeTeCl7,,,
MgBiPO6,,,
UTeO5,,,
KClO3,,,
As2PHO6,,,
NpI3,,,
LiV(OF)2,,,
H3BrO,,,
LiCrO2,FM,,
Nb2Zn2CuO8,,,
Zn2SnN2,,,
GaH5(NF)2,,,
EuIn2Au,,,
ZnGaNO,,,
Co2NiO6,,,
Cu(HO)2,,,
YCoF5,,,
Zn2Cu(AsO4)2,,,
Mn3SnO8,,,
LiVF5,,,
NiS2,,,
HoIO,,,
La2GeI2,,,
KSb3O5,,,
CoOF,,,
Li2CoP2O7,,,
Ba2TlBi2O7,,,
Mn3CoO8,,,
TaTl(CuS2)2,,,
Li4CO4,,,
NbPO5,,,
MoO3,,,
Co2NiO6,,,
Cr(GaS2)2,,,
Ca5Ir,,,
Sr2Cu2WO7,,,
Al2S3,,,
Bi2PdO4,,,
BaUI6,,,
LiCo7O7F,,,
Mg(SbO2)2,,,
KCSN,,,
BaBi4O7,,,
Al(HO)3,,,
TiAu,,,
VBr2,,,
CuClO2,,,
BiAuO2,,,
Mg5(HO3)2,,,
SbOF3,,,
Ti4ZnO9,,,
AgPb4ClO4,,,
C,,,
Si3H,,,
Na3InCl6,,,
LaCrBiO6,,,
AgF2,,,
Mn2ZnO5,,,
Re3(TeBr)7,,,
Li2VF6,,,
LiV2O4,,,
CrO2,,,
Li3TeHO4,,,
RbAuS,,,
Cr(WO4)2,,,
V2Zn2O7,,,
Cu4Bi7S12,,,
Si3Sb2O9,,,
NdTeBrO3,,,
Cr3O7,,,
Zn2Sn3O8,,,
Sr2CoClO3,,,
LiH2IO,,,
VOF3,,,
Sr2Cr2GaO7,,,
YbClO,,,
AgCl,,,
KHCO2,,,
Ti2O7,,,
Tl2SiS3,,,
Ti3V2O9,,,
HfIN,,,
SmClF,,,
RbSbBrF3,,,
Ag2PdO2,,,
Np(OF)2,,,
SnSe,,,
CrCo3O8,,,
ScHO2,,,
LiV2OF5,,,
BaCu,,,
LiAg(CO2)2,,,
ZnH,,,
W3O8,,,
Rb3Mn2Cl7,,,
TlBr,,,
SnO2,,,
WO3,,,
Mg(SnN)2,,,
VBrO,,,
LaIO,,,
AgHgSI,,,
SnClF,,,
NiSe,FM,,
SrSbSe2F,,,
CaBi2O5,,,
NbIO2,,,
CrCuSe2,,,
ErTe3,,,
ScHO2,,,
Na3(TiS2)10,,,
BiBO3,,,
CuCO3,,,
LiCoO2,,,
MoF5,,,
ZnWO4,,,
TlAsO4,,,
Zn(InS2)2,,,
FeCl3,,,
Li2Mn3F8,,,
LuFeGe2,,,
SbF4,,,
Sb2S2O,,,
VO2,,,
Ba2Cr3O7,,,
GaTe,,,
CuTe2Br,,,
Mn(ReO4)2,,,
Ba(MoO2)4,,,
TaFeTe3,,,
SbO2,,,
BiO2,,,
Li4Fe(PO4)2,,,
CoF4,FM,,
Mn3VO8,,,
MoO2,,,
MnTlO3,,,
YCo,,,
KC2N3,,,
TbHO2,,,
NaHgCl3,,,
NaCSN,,,
ZrF4,,,
CuAsO3,,,
W(BrO)2,,,
CrO3,,,
Sn(BiTe2)2,,,
Ni(WO4)2,,,
Ba2ZrS4,,,
Sc5NCl8,,,
NbVO5,,,
UTe3,,,
SrH2I2O,,,
BiF5,,,
CaLaI5,,,
Mn(CO3)2,,,
Co3SbO8,,,
TiZn(BiO3)2,,,
U(SbO3)2,,,
TlPt2Se3,,,
Ta2PdSe6,,,
Sn3P4,,,
SrBi5O9,,,
Ba2Fe3O8,,,
Li2MnF6,,,
Be2Te7Cl6,,,
Li3Fe3(OF)4,,,
Li2H2Pt,,,
V2O5,,,
U(OF)2,,,
Ag3SI,,,
Ba2HfS4,,,
Mo2H2O7,,,
TmBiO3,,,
ZnBr2,,,
LiVF6,,,
Nb3Cl8,,,
HoCoSn2,,,
V3Zn2O8,,,
InTeClO3,,,
Ta2NiSe5,,,
Mn2CrO6,FM,,
LiFeBO4,,,
PtCl2,,,
Co(HO)2,,,
LiNiPO4,,,
SbN,,,
SbI3,,,
AgClO2,,,
LiCu2F5,,,
Rb(SbSe2)2,,,
TaF5,,,
CrO3,,,
YGaI,,,
LiCoPO4,,,
NaB(HO)4,,,
Nb(SeBr)2,,,
V2ZnO6,,,
MgSnO2,,,
Sc7(CCl5)2,,,
GePbS3,,,
MnSbS2Br,,,
SrTeO3,,,
Sr2FeBrO3,,,
TeHO3,,,
SnF3,,,
VCuO4,,,
Pb(BrO3)2,,,
Ho2CF2,,,
CuTe2I,,,
AsPO4,,,
MnBiS2Cl,,,
Sr2Cu2SnO7,,,
SnP2O7,,,
Cu(BiO2)2,,,
SnF4,,,
LiAg(CO2)2,,,
Te2Pd,,,
AgBi(PS3)2,,,
NbTe4Ir,,,
Li(CoO2)2,,,
Ag2CN2,,,
PW4Cl11,,,
Mn3CuO8,,,
BaTl(MoO3)2,,,
Ca(SbO2)2,,,
W(ClO)2,,,
CuHClO,,,
TaS3,,,
CdBiClO2,,,
SrLaCl5,,,
Li2UI6,,,
Eu(AlCl4)2,,,
W(OF)2,,,
Al2O3,,,
Li2SO4,,,
NaV2O5,,,
Sn(PS3)2,,,
BiF3,,,
CuSbS2,,,
CuH4(IO4)2,,,
FeHO2,,,
MnP2O7,FM,,
CaP(HO3)2,,,
TiO2,,,
MnCo3O8,,,
CdInGaS4,,,
LiBiB2O5,,,
Te(WO4)2,,,
EuBrO,,,
Sc5CCl8,,,
MnF4,,,
Ag(AuS)2,,,
Lu(HO)3,,,
MgGe2WO6,,,
GaH3NF3,,,
MnSe,,,
Sr3Cr2S2O5,,,
PdSeO3,,,
Sr2FeClO3,,,
Y3I7O,,,
TlTe3Pt2,,,
TlBS2,,,
Li2Ta2(OF2)3,,,
Si2Ru,,,
Ba(AlCl4)2,,,
SbOF,,,
LiFeF4,,,
GdOF,,,
PrGe5,,,
VHgO3,,,
Li5NiOF5,,,
KH3C2O3,,,
V4O9,,,
NaHO,,,
Te,,,
MgV2S5,,,
TaNb2Zn2O8,,,
Nb2Ge2O7,,,
ZnFe2S5,,,
YBiO3,,,
Co(CO3)2,,,
BaZnF4,,,
Nb2Zn2CrO8,,,
ThTeO,,,
Sn2P3O10,,,
ZnWO4,,,
CaTi(GeO3)2,,,
Mn(SbS2)2,,,
CuTeO3,,,
Nb2Zn2SbO8,,,
Sr2Cu2MoO7,,,
ZrBrO,,,
ScClO,,,
LiIn(IO3)4,,,
CeSiI,,,
ZrS3,,,
NaMgAs,,,
MgCl2,,,
BiBr3,,,
Zn(SbO2)2,,,
CuAgTe2,,,
CrHg(PbO3)2,,,
Nb2Zn2CoO8,,,
CrSb(PO4)2,,,
Yb(AlGe)2,,,
Mn3TeO8,,,
LiFePO4,,,
Zn2Fe3O8,,,
Ba2Hg,,,
ZnCr2O5,,,
ZrTlF5,,,
Pb2O3,,,
Cr3O8,,,
CdH2SeO4,,,
Ta2CS2,,,
Al(HO)3,,,
CuMoO4,,,
Ta3SBr7,,,
AgIrF7,,,
VO2F,,,
FeSb(PO4)2,,,
MnTeO4,,,
MgV4O10,,,
Gd2CCl2,,,
LiTePO5,,,
SrVSi2O7,,,
C,,,
Li2MnF6,,,
Te3As2,,,
Sr2GaBi2O7,,,
NbTeI3,,,
VOF,,,
LiCuS2,,,
Bi3Se2ClO8,,,
Mn(CuCl2)2,,,
TiGeO3,,,
LiSb3(PO5)2,,,
LiNi(PS3)2,,,
BiF5,,,
Te2Mo,,,
Cd(HO)2,,,
LiBi(PO3)4,,,
V(TeO3)4,,,
Te(WO4)2,,,
ZrGeTe,,,
Mn2F7,,,
CdInGaS4,,,
NaW2(Br3O)2,,,
MnF3,,,
Sr(IO3)2,,,
BaH4O3,,,
NaAsO2,,,
Ga2CuCl8,,,
SbAsO4,,,
Ba2InBrO3,,,
H2Pb4SO8,,,
ScIO,,,
TaPbF7,,,
Li(FeO2)3,,,
InS,,,
ZnBi4O9,,,
Ta(WO4)2,,,
LiCu(PO3)4,,,
Nb2MoO8,,,
CaSnS3,,,
Al2S3,,,
Hg2W2O7,,,
SbO2,,,
Ag3SbS3,,,
Sb2O5,,,
HIO3,,,
YIO,,,
LiFe2OF5,,,
Ga2Fe2S5,,,
CdBiSe2I,,,
NaSb(PS3)2,,,
Ta2I5,,,
Co2TeCl2O3,,,
ZnGe2WO6,,,
Bi2Te4Pb,,,
NaI3O8,,,
YVF5,,,
Li3V4O11F,,,
Hg3SeO6,,,
AgGeO3,,,
PbWO4,,,
CdSnO3,,,
TlMo2Cl7O2,,,
Cd2SiO4,,,
Li(CoO2)3,,,
LiCuPO4,,,
SrLaCl5,,,
AgHgAsS3,,,
CdBiSe2Br,,,
MgCr2F12,,,
VF4,,,
Ca(BiO2)2,,,
Re2S2O13,,,
Mg(SbO2)4,,,
Mn3OF6,,,
Sr2CoCu2O7,,,
Nb9IrSe20,,,
MgWF4,,,
Bi2B2O7,,,
Mg(BiO2)4,,,
CuB2(CN)8,,,
Dy2Te5O13,,,
Li2Cu3F8,,,
Sr2VCu2O7,,,
ReHgO4,,,
Sr2GaSb2O7,,,
ZnS,,,
MgV4O9,,,
BiP2O7,,,
ZnCo4O9,,,
AlBiBr6,,,
NaTm(SO4)2,,,
CaPbI4,,,
V4ZnO9,,,
As2Pb2O5,,,
Li2Cu2F7,,,
ZnH6(SeO4)2,,,
V2P4S13,,,
MgTi(GeO3)2,,,
NdPb6F15,,,
Zn(SnO2)2,,,
MgV2O5,,,
Hg(TeO3)2,,,
LiVF4,,,
La(HO)3,,,
ReSeCl,,,
BaTlV2O6,,,
Bi6W4O21,,,
V3(OF)4,,,
SnCCl3,,,
In2S3,,,
CuHgO2,,,
BaClO3,,,
CeSi5,,,
Ta3SeI7,,,
Ba(NiO2)4,,,
CrPO5,,,
Co(ClO4)2,,,
LaMgI5,,,
Mg2SiO4,,,
WF5,,,
ZnFe2O5,,,
PPdS,,,
Li2V(CO3)2,,,
ErAg(PSe3)2,,,
Ba(SnO2)4,,,
TiPbO3,,,
H5W,,,
Mn(NbS2)2,,,
FeSe,,,
C3N,,,
FeAgS2,,,
Na2SnO6,,,
SrP2(HO)4,,,
SiAs2,,,
VSO5,,,
MnSbO4,,,
Re(AgCl3)2,,,
Na2UI6,,,
MoO3,,,
Ta3TeI7,,,
Nb3I8,,,
V(CO3)2,,,
Si3N4,,,
UTe5,,,
Li2WS4,,,
I,,,
GeP3,,,
Al2FeS4,,,
PuF3,,,
TiTl2F6,,,
AsI3,,,
Bi2CO5,,,
NiS2,,,
Ba(SbO2)4,,,
CuSiO3,,,
Li2CuP,,,
KHCO3,,,
InSiTe3,,,
Zn2Ni3O8,,,
BaSn2,,,
BaSi2,,,
CaInBr3,,,
InPF3,,,
ScClO,,,
FePb2(CN)6,,,
Br,,,
FeS,,,
NaSnN,,,
MgGa,,,
CuWO3F2,,,
CaGaN,,,
AgBiO2,,,
Sn4Pd,,,
U(HO2)2,,,
Bi2Pd,,,
SrMnSn,,,
YbBi2,,,
USeO5,,,
FeTe,AFM,,
LaWClO4,,,
LiFeP,,,
U(HO2)2,,,
Li3Co(NiO3)2,,,
Cu2IO3,,,
VAg(PS3)2,,,
K2P2Pd,,,
NaMgSb,,,
NaSnO,,,
La2I5,,,
CdPSe3,,,
BaTlCuO4,,,
SnClF,,,
Nb2CoS4,,,
NpTe3,,,
VPbO3,,,
ScSn3,,,
Rb3Nb2Br9,,,
K2As2Pd,,,
Ba2Mn2TlO7,,,
Ba(BiO2)4,,,
LiMg6C,,,
CeMg2,,,
CuAuO2,,,
Na2H10SO5,,,
CrAgS2,,,
TaNi2Te3,,,
NaTlO,,,
La(BiO2)2,,,
TlPt2S3,,,
Ta(NiTe)2,,,
AgBi(PSe3)2,,,
AlCrF5,,,
ErTe3,,,
LiClO2,,,
Pb3SeO5,,,
Li4TiS4,,,
ZnH4(NO4)2,,,
BaTiO3,,,
LiCoSiO4,,,
ErBiO3,,,
Tl3(MoO4)2,,,
TmAg(PSe3)2,,,
UTe3,,,
CeZnPO,,,
YbIO,,,
HgBr2,,,
VMoO5,,,
MgCuGe,,,
Mg2Co3O8,,,
LiMn5O5F,,,
LiNiPO4,,,
Li3BiS3,,,
K2GeTe4,,,
LiMnO2,,,
Gd2Br3,,,
GdGa2Co,,,
Feb-02,,,
NaNO2,,,
Mg3Si2H4O9,,,
LuCoGe2,,,
LiCdPO4,,,
Ba2Mn3Tl2O10,,,
Cu3OF5,,,
K2GeSe4,,,
Sb2O3,,,
Al2Si4O11,,,
CaV2O5,,,
GeBi2O5,,,
BaSn2(HO2)2,,,
InBi2Se4Br,,,
Zn(SnO2)4,,,
ZnCr2O5,,,
Ti3H2O7,,,
AlTeI7,,,
LiAgF4,,,
CuHgSeCl,,,
Li2Cr4O13,,,
Hg2AsCl2,,,
BaLaI5,,,
NaTiCuS3,,,
Mn2ZnS5,,,
CuHgSeBr,,,
Ho2Te5O13,,,
Ta2VZn2O8,,,
VAg2PO6,,,
Li2VP4O13,,,
Li3V2(O2F)2,,,
Ta2O5,,,
PdSeO3,,,
Nd3O2F5,,,
LiFe2F5,,,
CuN6,,,
HgCN2,,,
Te2Mo,,,
Ta3SiTe6,,,
AlInI4,,,
AcSe3,,,
LiSb(PO3)4,,,
Ca3(CoO3)2,,,
Mn2P4O13,FM,,
WBr2,,,
CaSnS3,,,
Bi4I,,,
H3I3N2,,,
Li3V5O14,,,
Li2Sn(PO3)4,,,
CuH2SO5,,,
LiSb(PO3)4,,,
AlPI8,,,
VPO5,,,
HgSO4,,,
AgCN3O2,,,
BaH6C4O7,,,
Mg(SbO2)2,,,
V3O2F5,,,
Li5Zn4(BO3)4,,,
HAuO2,,,
Cr3O8,,,
LiVF5,,,
V2O5,,,
BiSbO5,,,
NaH3C2O5,,,
V2Re2O11,,,
V3H5O8,,,
KTe2F9,,,
Cu(IO3)2,,,
VH2SeO5,,,
LiFeF4,,,
Cu3Se2(ClO3)2,,,
Zn(Sn2O3)2,,,
KNbCl6,,,
La2Br5,,,
FeSeCl7,,,
V2Ni(PO5)2,,,
VF4,,,
CuB2(PbO3)2,,,
SrLaBr5,,,
Sn7(SBr5)2,,,
CaV4O10,,,
Cu2WO4,,,
Li2FeP4O13,,,
PtCI2O,,,
LiFeF5,,,
AgMo3(PO7)2,,,
Li2MoP4O13,,,
Sn4SF6,,,
CaAsH5O6,,,
RbSb2F7,,,
Sr2FeCu2O7,,,
Ta3I7,,,
V3Co3(TeO8)2,,,
UP2(PbO5)2,,,
Sb(PO3)4,,,
Ti2ZnS5,,,
TiZnF5,,,
LiFe3(OF3)2,,,
MgH4(NO4)2,,,
TaTe2,,,
SrPH3O4,,,
Nb2Zn2WO8,,,
CuS4BrN4,,,
LiSn2P3O10,,,
Nb2Zn2FeO8,,,
LiVF4,,,
Li2CrP4O13,,,
Li3Sb2(PO4)3,,,
K2HgCl4,,,
Te6MoBr3,,,
Zn3P2,,,
Hg4P2O7,,,
Sn2P3O10,,,
SnBrCl,,,
Pb3SO6,,,
HoIO,,,
LiSbO2,,,
KCrIO6,,,
AgBi2F12,,,
In(IO3)3,,,
YI3,,,
Nb4IrSe10,,,
LiV(SO4)3,,,
YCrF5,,,
LiNiPO4,,,
LiWF6,,,
Tm(HO)3,,,
Li2Cr(PO4)2,,,
VZnF5,,,
CeGe5,,,
LuPS4,,,
NaH4BrO2,,,
MgW4O9,,,
KBiF4,,,
VF4,,,
Hg3Se3O10,,,
ZnP2WO7,,,
RbV3(SeO6)2,,,
HoBiO3,,,
FeP4,,,
Te2OsCl12,,,
NaSbMoO5,,,
Cr2O5,,,
MgTi4O9,,,
Mg(HO)2,,,
PbSeO4,,,
TaTe5Pt,,,
CuH2SeO5,,,
Nb2SiTe4,,,
Ge5(Te4As)2,,,
Bi2S3,,,
Li2Cu2F7,,,
VSb(PO4)2,,,
ZnSnO2,,,
Mn2OF4,,,
Sr2Cu2TeO7,,,
V3(HO2)4,,,
TeAuI,,,
TeCF2,,,
Ta2Te4Br10O,,,
Li2Fe(PO3)4,,,
ZnCr4O9,,,
KBi(PS3)2,,,
CrAg(PS3)2,,,
Li3Sb2(PO4)3,,,
PdI2,,,
ZnCrF5,,,
CaH4(ClO)2,,,
Na(NO)2,,,
ZnCu(GeO3)2,,,
SbO2,,,
IO2,,,
Mo2O5,,,
LiHSO4,,,
ZnH4(ClO3)2,,,
CuSeO3,,,
Pb3SO6,,,
CuPO3,,,
Li2FeP2O7,,,
Ca2MgSi2O7,,,
Sb2O3,,,
ZnNi2S5,,,
Tl2SO3,,,
Mn4ZnO9,,,
Zn2(PS3)3,,,
CuMoF6,,,
Tl2S,,,
LiV2NiO6,,,
CuTe2O5,,,
AlBiCl6,,,
CeP3H8O7,,,
ZnFeF5,,,
VOF3,,,
V4S9Br4,,,
ReBiO5,,,
AlH4(SeO4)2,,,
Ag2WS4,,,
ZnC2(SN)2,,,
VSeO4,,,
Li3BiH8O7,,,
CaSnO2,,,
BaTl(WO3)2,,,
Yb2Te5O13,,,
Tl2Ge2Se5,,,
NdVSb3,,,
VO2F,,,
AuSeClO3,,,
Hg2TeBr3,,,
PbSeO3,,,
LiV2F9,,,
V3Se2ClO8,,,
LaPb6ClO7,,,
Li2Cr4O13,,,
AgRuF7,,,
Au3F8,,,
Ag2PdCl4,,,
Al2CuCl8,,,
VZnF5,,,
CaGe2WO6,,,
MoBr2,,,
Tl3BiI6,,,
Sc6C2I11,,,
Ge3Bi2O9,,,
Fe3S4,,,
MgN8,,,
LaTe3,,,
ScAg(PSe3)2,,,
Pt(NCl)4,,,
ThTe3,,,
SnP3,,,
Sc2C,,,
WO3,,,
Pb2CO6,,,
ScCl3,,,
MnOF,,,
Bi2Pt,,,
CuSi2P3,,,
Ce(SiAu2)2,,,
CaMnSn,,,
SrMnGe,,,
LaTe2Se,,,
ScAg(PS3)2,,,
Feb-03,,,
MnNiO3,,,
Li2Fe3F8,,,
VAg(HO2)2,,,
LiCoPO4,,,
Zn(Mo3O8)2,,,
LiFe2F7,,,
ZnB2(CN)8,,,
ZnCu(GeO3)2,,,
LiCuPO4,,,
TiNb2Zn2O8,,,
CaPbI4,,,
Hg3SbAsS3,,,
Mn3V3(TeO8)2,,,
MoAs2O7,,,
CaTeO3,,,
KRbMg6O7,,,
HfFeCl6,,,
TeO3,,,
V2O5,,,
ZrHCl,,,
NaTeF5,,,
Li2Mo(PO4)2,,,
I(NO3)2,,,
Te(HO2)2,,,
Li2V3F8,,,
CeTe3,,,
V3CrO10,,,
GdBr,,,
Sn3Pd,,,
LaBr2,,,
BaNiSn3,,,
RbHgSbSe3,,,
Ag2SO3,,,
Mg(SbO2)2,,,
Ge5F12,,,
VBiO5,,,
Li2V(CO3)3,,,
MgSb3P3O13,,,
Ba2Tl2Sn3O10,,,
CaPH5O6,,,
ZnTeO3,,,
Ta3Br7,,,
BaH4O3,,,
SnO2,,,
Cr3Se2ClO8,,,
NdPb8F19,,,
BaSn4O7,,,
NaH4ClO2,,,
Li3Sn(PO3)6,,,
Cu2H2CO5,,,
Mo3Se2ClO8,,,
AlCuF5,,,
KTeF5,,,
Li2CrP4O13,,,
SbO2,,,
LiCrP4O13,,,
HfTe3Se8,,,
ZnMoF5,,,
Na2Ti2O5,,,
MnPO4,FM,,
CuHClO,,,
NiPO4,,,
CaMoAsO5,,,
KSb2F7,,,
KAs2F7,,,
Ge(PbS2)2,,,
BaY3Cl11,,,
Na2UI6,,,
BaCO3,,,
CuSeO3,,,
Rb2U3(IO5)4,,,
BiOF,,,
Mn3(SeO3)4,,,
ZnWF5,,,
LiSb(PO3)4,,,
Li2NbP4O13,,,
YBi3F15,,,
LiSn4(PO4)3,,,
ZnFe4O9,,,
RbBiF4,,,
Cu2WO4,,,
RbReCl4,,,
Sn4SI6,,,
LiVF6,,,
BiAuCl6,,,
B2S3,,,
As2WO7,,,
CrO2,FM,,
Sb3O2F5,,,
Cu2WO4,,,
Y(CuO2)3,,,
Cu3OF5,,,
As,,,
Al,,,
P,,,
Al,,,
Si,,,
In,,,
N2,,,
Ga,,,
Cl2,,,
S,,,
Bi,,,
Sn,,,
Se,,,
Pb,,,
Tl,,,
B,,,
N2,,,
Cl2,,,
Si,,,
In,,,
Sn,,,
Tl,,,
Pd,,,
N2,,,
Mg,,,
Ge,,,
As,,,
S,,,
N2,,,
P,,,
Sb,,,
Ba,,,
Sb,,,
Si,,,
As,,,
Bi,,,
Al,,,
B,,,
Si,,,
Sn,,,
Pb,,,
S,,,
Ge,,,
P,,,
In,,,
F2,,,
Pt,,,
Si,,,
F2,,,
N2,,,
Be,,,
N2,,,
Si,,,
Tl,,,
P,,,
N2,,,
Sn,,,
Fe3GeTe2,,,
Si2BN,,,
MoCl5,,,
PbSe2,,,
SeN,,,
HgO,,,
ZnAs,,,
TbAs2,,,
Al2Te3,,,
GaNi2,,,
ScSn5,,,
ZnTe,,,
Al3Os2,,,
CaBi,,,
SrBi,,,
ZnS,,,
DyAs2,,,
TbSn2,,,
Ni2B,,,
YAs2,,,
Tl2Se3,,,
TbP2,,,
CuN2,,,
In3Os2,,,
Sr2Si,,,
BaU,,,
RhC2,,,
Sr3Ge,,,
GeO,,,
BiTe,,,
TiTe3,,,
Ga3Ru2,,,
HoS3,,,
YbI3,,,
NdPb5,,,
Ga2Se3,,,
KC12,,,
YP2,,,
NaC12,,,
SnS2,,,
TiSe3,,,
AlNi2,,,
In2S3,,,
KC2,,,
Sr3Sn,,,
SrBi2,,,
TlPt2,,,
CaBi2,,,
Mg3Sn,,,
CeBe2,,,
TmBi2,,,
TmS3,,,
BaSr,,,
CaN2,,,
LiSn2,,,
ScP2,,,
CaN,,,
SiP2,,,
ZnSe,,,
BaN,,,
NdC5,,,
SnS,,,
KN3,,,
SiTe,,,
TbSi5,,,
P2Pd,,,
SmSn5,,,
BaCe,,,
Tl3Os2,,,
NaBi3,,,
RbSn2,,,
Ba3Si,,,
U2Te,,,
AsS,,,
YbF3,,,
YC5,,,
CdP,,,
BeSi2,,,
TbN2,,,
OsSe,,,
Sr2C,,,
CoBr3,,,
Ca3Si,,,
SrGe2,,,
ScAs2,,,
HoS3,,,
Ge2O,,,
AlPt2,,,
DySe3,,,
Sb2Pd,,,
In3Ru2,,,
AsSe,,,
HgP,,,
SrCa,,,
BaCa,,,
InPd2,,,
MgGe2,,,
LiAs3,,,
RhI3,,,
Mg2C,,,
AsS,,,
TlNi2,,,
Ba2Ce,,,
ScPb5,,,
BeSb2,,,
NaPb2,,,
K2I,,,
SrBe,,,
ScSi5,,,
As2Au,,,
B2Te3,,,
Tl3Fe2,,,
PaAs2,,,
Mg3Si,,,
ErAs2,,,
HgBi,,,
SiTe2,,,
OsS,,,
KCl,,,
Si3Sb,,,
NiCl2,FM,,
KI,,,
GdC2,,,
MgP2,,,
Ca3Ge,,,
SrCa,,,
UGe2,,,
SnTe,,,
BiTe,,,
HoSe3,,,
CdAs,,,
Te2Pb,,,
Te4Os3,,,
NaBr,,,
In3Fe2,,,
CaCe,,,
AsSe,,,
RbI,,,
PdF2,,,
K2Br,,,
Ce2Mg,,,
YTe3,,,
Ca3C,,,
Tl2Te3,,,
Si3P,,,
YSn5,,,
TmAs2,,,
Ca3Pb,,,
BaCa,,,
YbBr3,,,
NaBi3,,,
Rb2Cl,,,
Al2S3,,,
SbSe,,,
TeN,,,
Tl2S3,,,
SbS,,,
InPt2,,,
LiBr,,,
Sr3C,,,
RuSe,,,
NiBi2,,,
MgAs,,,
SiSe2,,,
AlPd2,,,
GaPd2,,,
InNi2,,,
DyS3,,,
PaBi2,,,
LaSe3,,,
GeTe,,,
Ru3S4,,,
KSn2,,,
MnN2,,,
Al3Fe2,,,
NiAs2,,,
ZnSb,,,
Rb2I,,,
Pb2O,,,
CdSb,,,
U2Se,,,
Be3C,,,
TbSi2,,,
BeBi2,,,
BaAs,,,
NpS3,,,
HgTe,,,
Bi2W3,,,
SO2,,,
KSb3,,,
TcN2,,,
TeN,,,
SnSe2,,,
YPb5,,,
Mo3P2,,,
PtN2,,,
Li2Br,,,
SrC2,,,
SiSe,,,
BaSb,,,
LiI,,,
Mg3Ge,,,
TeN,,,
MgP,,,
BaMg,,,
SrP2,,,
YSi5,,,
Mg3Pb,,,
PtBr2,,,
TeAs,,,
PS,,,
PtCl2,,,
Bi2Mo3,,,
LiSb3,,,
BaSr,,,
AgBi2,,,
TbBi2,,,
LaAs2,,,
LiC2,,,
LiP3,,,
K2Cl,,,
Cr3As2,,,
LaI,,,
SrP,,,
ErBi2,,,
PbS2,,,
CdBi,,,
KF,,,
PSe,,,
RbC12,,,
MgU,,,
Ca5Ce,,,
Rb2Br,,,
DyP2,,,
Al2Se3,,,
LiCl,,,
YbP2,,,
SeN,,,
MgBe,,,
PtF2,,,
Ba2Ce,,,
EuSn3,,,
Mg2Pb,,,
DyBi2,,,
EuSe,,,
NiN2,,,
ScBi2,,,
Ca2Ge,,,
Ca2Ce,,,
Na2Br,,,
TmSe3,,,
TmP2,,,
As2Pt,,,
CeBe2,,,
CdO,,,
LiBi3,,,
BaBi2,,,
LaBi2,,,
BaBi,,,
TlPd2,,,
Ca2C,,,
BeBi,,,
Ba2C,,,
TbPb5,,,
Bi2C,,,
Rb2F,,,
SrBe,,,
TeAs,,,
B3Os2,,,
KBr,,,
GeS,,,
Be3Ge,,,
BaP,,,
BPd2,,,
CaBe,,,
Ba3Ge,,,
SmSi5,,,
SiS2,,,
ScGe5,,,
SeO2,,,
BeSn2,,,
AgP2,,,
YBi2,,,
RhO2,,,
HgAs,,,
TaTe2,,,
SrCe,,,
CrH4,,,
Na2I,,,
GaPt2,,,
BaP2,,,
SrSb2,,,
Sr3Pb,,,
KSb3,,,
AsSe,,,
Be3Si,,,
NiSb2,,,
BaC2,,,
SrAs2,,,
PaN2,,,
P2C,,,
LiN3,,,
GeSe2,,,
SrMg,,,
YS3,,,
P2Pt,,,
SrN,,,
Be3Sn,,,
TeC,,,
ZnP,,,
ThRh5,,,
SiO,,,
SbTe,,,
SrSb,,,
Be3Pb,,,
CSe,,,
TbSn5,,,
CaSb,,,
BaSi2,,,
BaGe2,,,
ErP2,,,
Ba3C,,,
RbF,,,
TeP,,,
TeRu,,,
NdSi5,,,
MnAs2,,,
EuTe,,,
ScTe3,,,
CoC2,,,
Sn2O,,,
MnSb2,,,
Ba3Sn,,,
TbC2,,,
TbPb2,,,
Fe2B3,,,
YbI3,,,
NaC2,,,
RuS,,,
SnSe,,,
Sr2Ce,,,
BaBe,,,
Sr2Ce,,,
SrMg,,,
CaAs,,,
PtI2,,,
BaSb2,,,
BeSb,,,
Sr3Si,,,
Ca3Sn,,,
KBi3,,,
LiC2,,,
ScSe3,,,
NaN3,,,
Ba5Ce,,,
PbS,,,
Ga2S3,,,
Sr5Ce,,,
CaGe2,,,
Ca2Sn,,,
As2Pd,,,
Be2Ge,,,
Te2C,,,
AgN2,,,
UC2,,,
RbCl,,,
Sr2Ge,,,
YGe5,,,
USi2,,,
HgS,,,
BiTe,,,
PtS,,,
PtSe,,,
PtS,,,
PtSe,,,